key,area_um2
"enc:F=64,P=1024,Q=16",474796.62
"enc:F=64,P=2048,Q=16",947407.39
"enc:F=64,P=256,Q=16",120549.37
"enc:F=64,P=512,Q=16",238194.70
"enc:F=64,P=64,Q=16",31537.75
"mask:P=1024,k=3",191061.99
"mask:P=64,k=3",13003.72
"sim:D=1024,P=1024,knob=0,variant=exact",46772.36
"sim:D=1024,P=1024,knob=1,variant=satcomp",17376.67
"sim:D=1024,P=1024,knob=1,variant=trunc",45284.68
"sim:D=1024,P=1024,knob=2,variant=satcomp",38493.17
"sim:D=1024,P=1024,knob=2,variant=trunc",36931.67
"sim:D=1024,P=1024,knob=3,variant=satcomp",46254.36
"sim:D=1024,P=1024,knob=3,variant=trunc",17406.69
"sim:D=1024,P=64,knob=0,variant=exact",3380.74
"sim:D=1024,P=64,knob=1,variant=satcomp",1410.10
"sim:D=1024,P=64,knob=1,variant=trunc",3148.02
"sim:D=1024,P=64,knob=2,variant=satcomp",2705.09
"sim:D=1024,P=64,knob=2,variant=trunc",2626.27
"sim:D=1024,P=64,knob=3,variant=satcomp",3175.55
"sim:D=1024,P=64,knob=3,variant=trunc",1297.49
"sim:D=2048,P=2048,knob=0,variant=exact",93548.47
"sim:D=2048,P=2048,knob=1,variant=satcomp",34516.85
"sim:D=2048,P=2048,knob=1,variant=trunc",90300.36
"sim:D=2048,P=2048,knob=2,variant=satcomp",76477.10
"sim:D=2048,P=2048,knob=2,variant=trunc",73620.61
"sim:D=2048,P=2048,knob=3,variant=satcomp",91496.50
"sim:D=2048,P=2048,knob=3,variant=trunc",34688.27
"sim:D=2048,P=64,knob=0,variant=exact",3369.48
"sim:D=2048,P=64,knob=1,variant=satcomp",1508.95
"sim:D=2048,P=64,knob=1,variant=trunc",3194.31
"sim:D=2048,P=64,knob=2,variant=satcomp",2742.63
"sim:D=2048,P=64,knob=2,variant=trunc",2628.77
"sim:D=2048,P=64,knob=3,variant=satcomp",3240.61
"sim:D=2048,P=64,knob=3,variant=trunc",1411.35
"sim:D=256,P=256,knob=0,variant=exact",11750.02
"sim:D=256,P=256,knob=1,variant=satcomp",4596.91
"sim:D=256,P=256,knob=1,variant=trunc",11319.61
"sim:D=256,P=256,knob=2,variant=satcomp",9718.07
"sim:D=256,P=256,knob=2,variant=trunc",9511.62
"sim:D=256,P=256,knob=3,variant=satcomp",11738.76
"sim:D=256,P=256,knob=3,variant=trunc",4209.04
"sim:D=256,P=64,knob=0,variant=exact",3294.41
"sim:D=256,P=64,knob=1,variant=satcomp",1347.54
"sim:D=256,P=64,knob=1,variant=trunc",3064.19
"sim:D=256,P=64,knob=2,variant=satcomp",2671.31
"sim:D=256,P=64,knob=2,variant=trunc",2524.92
"sim:D=256,P=64,knob=3,variant=satcomp",3135.51
"sim:D=256,P=64,knob=3,variant=trunc",1222.42
"sim:D=4096,P=64,knob=0,variant=exact",3412.02
"sim:D=4096,P=64,knob=1,variant=satcomp",1493.93
"sim:D=4096,P=64,knob=1,variant=trunc",3250.62
"sim:D=4096,P=64,knob=2,variant=satcomp",2757.64
"sim:D=4096,P=64,knob=2,variant=trunc",2692.58
"sim:D=4096,P=64,knob=3,variant=satcomp",3249.37
"sim:D=4096,P=64,knob=3,variant=trunc",1367.56
"sim:D=512,P=512,knob=0,variant=exact",23548.84
"sim:D=512,P=512,knob=1,variant=satcomp",8872.26
"sim:D=512,P=512,knob=1,variant=trunc",22615.44
"sim:D=512,P=512,knob=2,variant=satcomp",19112.08
"sim:D=512,P=512,knob=2,variant=trunc",18600.34
"sim:D=512,P=512,knob=3,variant=satcomp",23092.15
"sim:D=512,P=512,knob=3,variant=trunc",8370.53
"sim:D=512,P=64,knob=0,variant=exact",3363.23
"sim:D=512,P=64,knob=1,variant=satcomp",1388.83
"sim:D=512,P=64,knob=1,variant=trunc",3125.50
"sim:D=512,P=64,knob=2,variant=satcomp",2722.61
"sim:D=512,P=64,knob=2,variant=trunc",2613.76
"sim:D=512,P=64,knob=3,variant=satcomp",3163.03
"sim:D=512,P=64,knob=3,variant=trunc",1254.95
"upd:P=1024,w=4",156253.61
"upd:P=1024,w=8",359021.83
"upd:P=2048,w=8",717540.68
"upd:P=256,w=8",89828.65
"upd:P=512,w=8",179652.30
"upd:P=64,w=4",9764.36
"upd:P=64,w=8",22477.81
