arch,D,P,learn,w,k,sim,enc_um2,sim_um2,upd_um2,mask_um2,store_um2,total_um2
P=64,256,64,0,8,0,exact,31537.8,19766.5,0.0,0.0,46124.2,97428.4
P=64,256,64,1,8,0,exact,31537.8,19766.5,134866.9,0.0,368993.9,555165.0
P=D,256,256,0,8,0,exact,120549.4,70500.1,0.0,0.0,46124.2,237173.7
P=D,256,256,1,8,0,exact,120549.4,70500.1,538971.9,0.0,368993.9,1099015.3
P=64,256,64,0,8,0,trunc(1),31537.8,18385.1,0.0,0.0,46124.2,96047.1
P=64,256,64,1,8,0,trunc(1),31537.8,18385.1,134866.9,0.0,368993.9,553783.6
P=D,256,256,0,8,0,trunc(1),120549.4,67917.7,0.0,0.0,46124.2,234591.3
P=D,256,256,1,8,0,trunc(1),120549.4,67917.7,538971.9,0.0,368993.9,1096432.8
P=64,256,64,0,8,0,trunc(2),31537.8,15149.5,0.0,0.0,46124.2,92811.5
P=64,256,64,1,8,0,trunc(2),31537.8,15149.5,134866.9,0.0,368993.9,550548.0
P=D,256,256,0,8,0,trunc(2),120549.4,57069.7,0.0,0.0,46124.2,223743.3
P=D,256,256,1,8,0,trunc(2),120549.4,57069.7,538971.9,0.0,368993.9,1085584.9
P=64,256,64,0,8,0,trunc(3),31537.8,7334.5,0.0,0.0,46124.2,84996.5
P=64,256,64,1,8,0,trunc(3),31537.8,7334.5,134866.9,0.0,368993.9,542733.0
P=D,256,256,0,8,0,trunc(3),120549.4,25254.2,0.0,0.0,46124.2,191927.8
P=D,256,256,1,8,0,trunc(3),120549.4,25254.2,538971.9,0.0,368993.9,1053769.4
P=64,256,64,0,8,0,satcomp(3),31537.8,18813.1,0.0,0.0,46124.2,96475.0
P=64,256,64,1,8,0,satcomp(3),31537.8,18813.1,134866.9,0.0,368993.9,554211.6
P=D,256,256,0,8,0,satcomp(3),120549.4,70432.6,0.0,0.0,46124.2,237106.2
P=D,256,256,1,8,0,satcomp(3),120549.4,70432.6,538971.9,0.0,368993.9,1098947.7
P=64,256,64,0,8,0,satcomp(2),31537.8,16027.9,0.0,0.0,46124.2,93689.8
P=64,256,64,1,8,0,satcomp(2),31537.8,16027.9,134866.9,0.0,368993.9,551426.4
P=D,256,256,0,8,0,satcomp(2),120549.4,58308.4,0.0,0.0,46124.2,224982.0
P=D,256,256,1,8,0,satcomp(2),120549.4,58308.4,538971.9,0.0,368993.9,1086823.6
P=64,256,64,0,8,0,satcomp(1),31537.8,8085.2,0.0,0.0,46124.2,85747.2
P=64,256,64,1,8,0,satcomp(1),31537.8,8085.2,134866.9,0.0,368993.9,543483.7
P=D,256,256,0,8,0,satcomp(1),120549.4,27581.5,0.0,0.0,46124.2,194255.1
P=D,256,256,1,8,0,satcomp(1),120549.4,27581.5,538971.9,0.0,368993.9,1056096.6
P=64,256,64,0,8,0,sampled(6),31537.8,19766.5,0.0,0.0,46124.2,97428.4
P=64,256,64,1,8,0,sampled(6),31537.8,19766.5,134866.9,0.0,368993.9,555165.0
P=D,256,256,0,8,0,sampled(6),120549.4,70500.1,0.0,0.0,46124.2,237173.7
P=D,256,256,1,8,0,sampled(6),120549.4,70500.1,538971.9,0.0,368993.9,1099015.3
P=64,256,64,0,8,0,sampled(4),31537.8,19766.5,0.0,0.0,46124.2,97428.4
P=64,256,64,1,8,0,sampled(4),31537.8,19766.5,134866.9,0.0,368993.9,555165.0
P=D,256,256,0,8,0,sampled(4),120549.4,70500.1,0.0,0.0,46124.2,237173.7
P=D,256,256,1,8,0,sampled(4),120549.4,70500.1,538971.9,0.0,368993.9,1099015.3
P=64,256,64,0,8,0,sampled(3),31537.8,19766.5,0.0,0.0,46124.2,97428.4
P=64,256,64,1,8,0,sampled(3),31537.8,19766.5,134866.9,0.0,368993.9,555165.0
P=D,256,256,0,8,0,sampled(3),120549.4,70500.1,0.0,0.0,46124.2,237173.7
P=D,256,256,1,8,0,sampled(3),120549.4,70500.1,538971.9,0.0,368993.9,1099015.3
P=64,256,64,0,8,0,sampled(2),31537.8,19766.5,0.0,0.0,46124.2,97428.4
P=64,256,64,1,8,0,sampled(2),31537.8,19766.5,134866.9,0.0,368993.9,555165.0
P=D,256,256,0,8,0,sampled(2),120549.4,70500.1,0.0,0.0,46124.2,237173.7
P=D,256,256,1,8,0,sampled(2),120549.4,70500.1,538971.9,0.0,368993.9,1099015.3
P=64,512,64,0,8,0,exact,31537.8,20179.4,0.0,0.0,92248.5,143965.6
P=64,512,64,1,8,0,exact,31537.8,20179.4,134866.9,0.0,737987.8,924571.8
P=D,512,512,0,8,0,exact,238194.7,141293.0,0.0,0.0,92248.5,471736.2
P=D,512,512,1,8,0,exact,238194.7,141293.0,1077913.8,0.0,737987.8,2195389.3
P=64,512,64,0,8,0,trunc(1),31537.8,18753.0,0.0,0.0,92248.5,142539.2
P=64,512,64,1,8,0,trunc(1),31537.8,18753.0,134866.9,0.0,737987.8,923145.4
P=D,512,512,0,8,0,trunc(1),238194.7,135692.6,0.0,0.0,92248.5,466135.8
P=D,512,512,1,8,0,trunc(1),238194.7,135692.6,1077913.8,0.0,737987.8,2189788.9
P=64,512,64,0,8,0,trunc(2),31537.8,15682.6,0.0,0.0,92248.5,139468.8
P=64,512,64,1,8,0,trunc(2),31537.8,15682.6,134866.9,0.0,737987.8,920075.0
P=D,512,512,0,8,0,trunc(2),238194.7,111602.0,0.0,0.0,92248.5,442045.2
P=D,512,512,1,8,0,trunc(2),238194.7,111602.0,1077913.8,0.0,737987.8,2165698.3
P=64,512,64,0,8,0,trunc(3),31537.8,7529.7,0.0,0.0,92248.5,131315.9
P=64,512,64,1,8,0,trunc(3),31537.8,7529.7,134866.9,0.0,737987.8,911922.1
P=D,512,512,0,8,0,trunc(3),238194.7,50223.2,0.0,0.0,92248.5,380666.4
P=D,512,512,1,8,0,trunc(3),238194.7,50223.2,1077913.8,0.0,737987.8,2104319.5
P=64,512,64,0,8,0,satcomp(3),31537.8,18978.2,0.0,0.0,92248.5,142764.4
P=64,512,64,1,8,0,satcomp(3),31537.8,18978.2,134866.9,0.0,737987.8,923370.6
P=D,512,512,0,8,0,satcomp(3),238194.7,138552.9,0.0,0.0,92248.5,468996.1
P=D,512,512,1,8,0,satcomp(3),238194.7,138552.9,1077913.8,0.0,737987.8,2192649.2
P=64,512,64,0,8,0,satcomp(2),31537.8,16335.7,0.0,0.0,92248.5,140121.9
P=64,512,64,1,8,0,satcomp(2),31537.8,16335.7,134866.9,0.0,737987.8,920728.1
P=D,512,512,0,8,0,satcomp(2),238194.7,114672.5,0.0,0.0,92248.5,445115.7
P=D,512,512,1,8,0,satcomp(2),238194.7,114672.5,1077913.8,0.0,737987.8,2168768.8
P=64,512,64,0,8,0,satcomp(1),31537.8,8333.0,0.0,0.0,92248.5,132119.2
P=64,512,64,1,8,0,satcomp(1),31537.8,8333.0,134866.9,0.0,737987.8,912725.4
P=D,512,512,0,8,0,satcomp(1),238194.7,53233.6,0.0,0.0,92248.5,383676.7
P=D,512,512,1,8,0,satcomp(1),238194.7,53233.6,1077913.8,0.0,737987.8,2107329.8
P=64,512,64,0,8,0,sampled(6),31537.8,20179.4,0.0,0.0,92248.5,143965.6
P=64,512,64,1,8,0,sampled(6),31537.8,20179.4,134866.9,0.0,737987.8,924571.8
P=D,512,512,0,8,0,sampled(6),238194.7,141293.0,0.0,0.0,92248.5,471736.2
P=D,512,512,1,8,0,sampled(6),238194.7,141293.0,1077913.8,0.0,737987.8,2195389.3
P=64,512,64,0,8,0,sampled(4),31537.8,20179.4,0.0,0.0,92248.5,143965.6
P=64,512,64,1,8,0,sampled(4),31537.8,20179.4,134866.9,0.0,737987.8,924571.8
P=D,512,512,0,8,0,sampled(4),238194.7,141293.0,0.0,0.0,92248.5,471736.2
P=D,512,512,1,8,0,sampled(4),238194.7,141293.0,1077913.8,0.0,737987.8,2195389.3
P=64,512,64,0,8,0,sampled(3),31537.8,20179.4,0.0,0.0,92248.5,143965.6
P=64,512,64,1,8,0,sampled(3),31537.8,20179.4,134866.9,0.0,737987.8,924571.8
P=D,512,512,0,8,0,sampled(3),238194.7,141293.0,0.0,0.0,92248.5,471736.2
P=D,512,512,1,8,0,sampled(3),238194.7,141293.0,1077913.8,0.0,737987.8,2195389.3
P=64,512,64,0,8,0,sampled(2),31537.8,20179.4,0.0,0.0,92248.5,143965.6
P=64,512,64,1,8,0,sampled(2),31537.8,20179.4,134866.9,0.0,737987.8,924571.8
P=D,512,512,0,8,0,sampled(2),238194.7,141293.0,0.0,0.0,92248.5,471736.2
P=D,512,512,1,8,0,sampled(2),238194.7,141293.0,1077913.8,0.0,737987.8,2195389.3
P=64,1024,64,0,8,0,exact,31537.8,20284.4,0.0,0.0,184496.9,236319.1
P=64,1024,64,1,8,0,exact,31537.8,20284.4,134866.9,0.0,1475975.6,1662664.6
P=D,1024,1024,0,8,0,exact,474796.6,280634.2,0.0,0.0,184496.9,939927.7
P=D,1024,1024,1,8,0,exact,474796.6,280634.2,2154131.0,0.0,1475975.6,4385537.3
P=64,1024,64,0,8,0,trunc(1),31537.8,18888.1,0.0,0.0,184496.9,234922.8
P=64,1024,64,1,8,0,trunc(1),31537.8,18888.1,134866.9,0.0,1475975.6,1661268.3
P=D,1024,1024,0,8,0,trunc(1),474796.6,271708.1,0.0,0.0,184496.9,931001.6
P=D,1024,1024,1,8,0,trunc(1),474796.6,271708.1,2154131.0,0.0,1475975.6,4376611.3
P=64,1024,64,0,8,0,trunc(2),31537.8,15757.6,0.0,0.0,184496.9,231792.3
P=64,1024,64,1,8,0,trunc(2),31537.8,15757.6,134866.9,0.0,1475975.6,1658137.8
P=D,1024,1024,0,8,0,trunc(2),474796.6,221590.0,0.0,0.0,184496.9,880883.6
P=D,1024,1024,1,8,0,trunc(2),474796.6,221590.0,2154131.0,0.0,1475975.6,4326493.2
P=64,1024,64,0,8,0,trunc(3),31537.8,7784.9,0.0,0.0,184496.9,223819.6
P=64,1024,64,1,8,0,trunc(3),31537.8,7784.9,134866.9,0.0,1475975.6,1650165.1
P=D,1024,1024,0,8,0,trunc(3),474796.6,104440.1,0.0,0.0,184496.9,763733.7
P=D,1024,1024,1,8,0,trunc(3),474796.6,104440.1,2154131.0,0.0,1475975.6,4209343.3
P=64,1024,64,0,8,0,satcomp(3),31537.8,19053.3,0.0,0.0,184496.9,235088.0
P=64,1024,64,1,8,0,satcomp(3),31537.8,19053.3,134866.9,0.0,1475975.6,1661433.5
P=D,1024,1024,0,8,0,satcomp(3),474796.6,277526.2,0.0,0.0,184496.9,936819.7
P=D,1024,1024,1,8,0,satcomp(3),474796.6,277526.2,2154131.0,0.0,1475975.6,4382429.3
P=64,1024,64,0,8,0,satcomp(2),31537.8,16230.5,0.0,0.0,184496.9,232265.2
P=64,1024,64,1,8,0,satcomp(2),31537.8,16230.5,134866.9,0.0,1475975.6,1658610.7
P=D,1024,1024,0,8,0,satcomp(2),474796.6,230959.0,0.0,0.0,184496.9,890252.6
P=D,1024,1024,1,8,0,satcomp(2),474796.6,230959.0,2154131.0,0.0,1475975.6,4335862.2
P=64,1024,64,0,8,0,satcomp(1),31537.8,8460.6,0.0,0.0,184496.9,224495.3
P=64,1024,64,1,8,0,satcomp(1),31537.8,8460.6,134866.9,0.0,1475975.6,1650840.8
P=D,1024,1024,0,8,0,satcomp(1),474796.6,104260.0,0.0,0.0,184496.9,763553.6
P=D,1024,1024,1,8,0,satcomp(1),474796.6,104260.0,2154131.0,0.0,1475975.6,4209163.2
P=64,1024,64,0,8,0,sampled(6),31537.8,20284.4,0.0,0.0,184496.9,236319.1
P=64,1024,64,1,8,0,sampled(6),31537.8,20284.4,134866.9,0.0,1475975.6,1662664.6
P=D,1024,1024,0,8,0,sampled(6),474796.6,280634.2,0.0,0.0,184496.9,939927.7
P=D,1024,1024,1,8,0,sampled(6),474796.6,280634.2,2154131.0,0.0,1475975.6,4385537.3
P=64,1024,64,0,8,0,sampled(4),31537.8,20284.4,0.0,0.0,184496.9,236319.1
P=64,1024,64,1,8,0,sampled(4),31537.8,20284.4,134866.9,0.0,1475975.6,1662664.6
P=D,1024,1024,0,8,0,sampled(4),474796.6,280634.2,0.0,0.0,184496.9,939927.7
P=D,1024,1024,1,8,0,sampled(4),474796.6,280634.2,2154131.0,0.0,1475975.6,4385537.3
P=64,1024,64,0,8,0,sampled(3),31537.8,20284.4,0.0,0.0,184496.9,236319.1
P=64,1024,64,1,8,0,sampled(3),31537.8,20284.4,134866.9,0.0,1475975.6,1662664.6
P=D,1024,1024,0,8,0,sampled(3),474796.6,280634.2,0.0,0.0,184496.9,939927.7
P=D,1024,1024,1,8,0,sampled(3),474796.6,280634.2,2154131.0,0.0,1475975.6,4385537.3
P=64,1024,64,0,8,0,sampled(2),31537.8,20284.4,0.0,0.0,184496.9,236319.1
P=64,1024,64,1,8,0,sampled(2),31537.8,20284.4,134866.9,0.0,1475975.6,1662664.6
P=D,1024,1024,0,8,0,sampled(2),474796.6,280634.2,0.0,0.0,184496.9,939927.7
P=D,1024,1024,1,8,0,sampled(2),474796.6,280634.2,2154131.0,0.0,1475975.6,4385537.3
P=64,2048,64,0,8,0,exact,31537.8,20216.9,0.0,0.0,368993.9,420748.5
P=64,2048,64,1,8,0,exact,31537.8,20216.9,134866.9,0.0,2951951.2,3138572.6
P=D,2048,2048,0,8,0,exact,947407.4,561290.8,0.0,0.0,368993.9,1877692.1
P=D,2048,2048,1,8,0,exact,947407.4,561290.8,4305244.1,0.0,2951951.2,8765893.4
P=64,2048,64,0,8,0,trunc(1),31537.8,19165.9,0.0,0.0,368993.9,419697.5
P=64,2048,64,1,8,0,trunc(1),31537.8,19165.9,134866.9,0.0,2951951.2,3137521.6
P=D,2048,2048,0,8,0,trunc(1),947407.4,541802.2,0.0,0.0,368993.9,1858203.4
P=D,2048,2048,1,8,0,trunc(1),947407.4,541802.2,4305244.1,0.0,2951951.2,8746404.8
P=64,2048,64,0,8,0,trunc(2),31537.8,15772.6,0.0,0.0,368993.9,416304.3
P=64,2048,64,1,8,0,trunc(2),31537.8,15772.6,134866.9,0.0,2951951.2,3134128.4
P=D,2048,2048,0,8,0,trunc(2),947407.4,441723.7,0.0,0.0,368993.9,1758124.9
P=D,2048,2048,1,8,0,trunc(2),947407.4,441723.7,4305244.1,0.0,2951951.2,8646326.3
P=64,2048,64,0,8,0,trunc(3),31537.8,8468.1,0.0,0.0,368993.9,408999.7
P=64,2048,64,1,8,0,trunc(3),31537.8,8468.1,134866.9,0.0,2951951.2,3126823.9
P=D,2048,2048,0,8,0,trunc(3),947407.4,208129.6,0.0,0.0,368993.9,1524530.9
P=D,2048,2048,1,8,0,trunc(3),947407.4,208129.6,4305244.1,0.0,2951951.2,8412732.2
P=64,2048,64,0,8,0,satcomp(3),31537.8,19443.7,0.0,0.0,368993.9,419975.3
P=64,2048,64,1,8,0,satcomp(3),31537.8,19443.7,134866.9,0.0,2951951.2,3137799.4
P=D,2048,2048,0,8,0,satcomp(3),947407.4,548979.0,0.0,0.0,368993.9,1865380.3
P=D,2048,2048,1,8,0,satcomp(3),947407.4,548979.0,4305244.1,0.0,2951951.2,8753581.6
P=64,2048,64,0,8,0,satcomp(2),31537.8,16455.8,0.0,0.0,368993.9,416987.4
P=64,2048,64,1,8,0,satcomp(2),31537.8,16455.8,134866.9,0.0,2951951.2,3134811.5
P=D,2048,2048,0,8,0,satcomp(2),947407.4,458862.6,0.0,0.0,368993.9,1775263.9
P=D,2048,2048,1,8,0,satcomp(2),947407.4,458862.6,4305244.1,0.0,2951951.2,8663465.2
P=64,2048,64,0,8,0,satcomp(1),31537.8,9053.7,0.0,0.0,368993.9,409585.3
P=64,2048,64,1,8,0,satcomp(1),31537.8,9053.7,134866.9,0.0,2951951.2,3127409.5
P=D,2048,2048,0,8,0,satcomp(1),947407.4,207101.1,0.0,0.0,368993.9,1523502.4
P=D,2048,2048,1,8,0,satcomp(1),947407.4,207101.1,4305244.1,0.0,2951951.2,8411703.7
P=64,2048,64,0,8,0,sampled(6),31537.8,20216.9,0.0,0.0,368993.9,420748.5
P=64,2048,64,1,8,0,sampled(6),31537.8,20216.9,134866.9,0.0,2951951.2,3138572.6
P=D,2048,2048,0,8,0,sampled(6),947407.4,561290.8,0.0,0.0,368993.9,1877692.1
P=D,2048,2048,1,8,0,sampled(6),947407.4,561290.8,4305244.1,0.0,2951951.2,8765893.4
P=64,2048,64,0,8,0,sampled(4),31537.8,20216.9,0.0,0.0,368993.9,420748.5
P=64,2048,64,1,8,0,sampled(4),31537.8,20216.9,134866.9,0.0,2951951.2,3138572.6
P=D,2048,2048,0,8,0,sampled(4),947407.4,561290.8,0.0,0.0,368993.9,1877692.1
P=D,2048,2048,1,8,0,sampled(4),947407.4,561290.8,4305244.1,0.0,2951951.2,8765893.4
P=64,2048,64,0,8,0,sampled(3),31537.8,20216.9,0.0,0.0,368993.9,420748.5
P=64,2048,64,1,8,0,sampled(3),31537.8,20216.9,134866.9,0.0,2951951.2,3138572.6
P=D,2048,2048,0,8,0,sampled(3),947407.4,561290.8,0.0,0.0,368993.9,1877692.1
P=D,2048,2048,1,8,0,sampled(3),947407.4,561290.8,4305244.1,0.0,2951951.2,8765893.4
P=64,2048,64,0,8,0,sampled(2),31537.8,20216.9,0.0,0.0,368993.9,420748.5
P=64,2048,64,1,8,0,sampled(2),31537.8,20216.9,134866.9,0.0,2951951.2,3138572.6
P=D,2048,2048,0,8,0,sampled(2),947407.4,561290.8,0.0,0.0,368993.9,1877692.1
P=D,2048,2048,1,8,0,sampled(2),947407.4,561290.8,4305244.1,0.0,2951951.2,8765893.4
P=64,4096,64,0,8,0,exact,31537.8,20472.1,0.0,0.0,737987.8,789997.7
P=64,4096,64,1,8,0,exact,31537.8,20472.1,134866.9,0.0,5903902.3,6090779.0
P=64,4096,64,0,8,0,trunc(1),31537.8,19503.7,0.0,0.0,737987.8,789029.3
P=64,4096,64,1,8,0,trunc(1),31537.8,19503.7,134866.9,0.0,5903902.3,6089810.6
P=64,4096,64,0,8,0,trunc(2),31537.8,16155.5,0.0,0.0,737987.8,785681.0
P=64,4096,64,1,8,0,trunc(2),31537.8,16155.5,134866.9,0.0,5903902.3,6086462.4
P=64,4096,64,0,8,0,trunc(3),31537.8,8205.4,0.0,0.0,737987.8,777730.9
P=64,4096,64,1,8,0,trunc(3),31537.8,8205.4,134866.9,0.0,5903902.3,6078512.3
P=64,4096,64,0,8,0,satcomp(3),31537.8,19496.2,0.0,0.0,737987.8,789021.8
P=64,4096,64,1,8,0,satcomp(3),31537.8,19496.2,134866.9,0.0,5903902.3,6089803.1
P=64,4096,64,0,8,0,satcomp(2),31537.8,16545.8,0.0,0.0,737987.8,786071.4
P=64,4096,64,1,8,0,satcomp(2),31537.8,16545.8,134866.9,0.0,5903902.3,6086852.8
P=64,4096,64,0,8,0,satcomp(1),31537.8,8963.6,0.0,0.0,737987.8,778489.1
P=64,4096,64,1,8,0,satcomp(1),31537.8,8963.6,134866.9,0.0,5903902.3,6079270.5
P=64,4096,64,0,8,0,sampled(6),31537.8,20472.1,0.0,0.0,737987.8,789997.7
P=64,4096,64,1,8,0,sampled(6),31537.8,20472.1,134866.9,0.0,5903902.3,6090779.0
P=64,4096,64,0,8,0,sampled(4),31537.8,20472.1,0.0,0.0,737987.8,789997.7
P=64,4096,64,1,8,0,sampled(4),31537.8,20472.1,134866.9,0.0,5903902.3,6090779.0
P=64,4096,64,0,8,0,sampled(3),31537.8,20472.1,0.0,0.0,737987.8,789997.7
P=64,4096,64,1,8,0,sampled(3),31537.8,20472.1,134866.9,0.0,5903902.3,6090779.0
P=64,4096,64,0,8,0,sampled(2),31537.8,20472.1,0.0,0.0,737987.8,789997.7
P=64,4096,64,1,8,0,sampled(2),31537.8,20472.1,134866.9,0.0,5903902.3,6090779.0
P=64,1024,64,1,4,0,exact,31537.8,20284.4,58586.2,0.0,737987.8,848396.1
P=64,1024,64,1,4,3,exact,31537.8,20284.4,58586.2,13003.7,737987.8,861399.9
P=D,1024,1024,1,4,0,exact,474796.6,280634.2,937521.7,0.0,737987.8,2430940.2
P=D,1024,1024,1,4,3,exact,474796.6,280634.2,937521.7,191062.0,737987.8,2622002.2
