target,model,D,P,variant,knob,learn,w,k,real,loo_pred,loo_mape
area_mm2,ridge-blocks,512,32,exact,0,2,4,3,0.82616,0.82113,2.53
area_mm2,ridge-blocks,256,32,sampled,4,0,8,0,0.1518,0.14485,2.53
area_mm2,ridge-blocks,256,32,exact,0,0,8,0,0.15099,0.14494,2.53
area_mm2,ridge-blocks,256,64,exact,0,0,8,0,0.19733,0.21303,2.53
area_mm2,ridge-blocks,256,32,trunc,1,0,8,0,0.14917,0.14452,2.53
area_mm2,ridge-blocks,512,32,exact,0,0,8,0,0.2335,0.22821,2.53
area_mm2,ridge-blocks,512,64,exact,0,0,8,0,0.28145,0.2964,2.53
area_mm2,ridge-blocks,512,32,satcomp,2,0,8,0,0.23023,0.22375,2.53
area_mm2,ridge-blocks,512,64,trunc,1,0,8,0,0.27711,0.29261,2.53
area_mm2,ridge-blocks,1024,32,exact,0,0,8,0,0.39652,0.39497,2.53
area_mm2,ridge-blocks,256,32,exact,0,2,4,3,0.50047,0.49014,2.53
area_mm2,ridge-blocks,256,64,exact,0,2,4,3,0.65995,0.65123,2.53
area_mm2,ridge-blocks,1024,64,exact,0,0,8,0,0.45161,0.46136,2.53
area_mm2,ridge-blocks,1024,64,satcomp,2,0,8,0,0.44343,0.45032,2.53
area_mm2,ridge-blocks,512,128,trunc,1,1,2,1,0.70373,0.72285,2.53
area_mm2,ridge-blocks,256,128,sampled,4,1,4,2,0.94496,0.95057,2.53
area_mm2,ridge-blocks,512,32,satcomp,2,2,3,3,0.63082,0.6335,2.53
area_mm2,ridge-blocks,256,32,satcomp,3,1,7,1,0.81087,0.79809,2.53
area_mm2,ridge-blocks,256,32,exact,0,2,8,0,0.92243,0.90477,2.53
area_mm2,ridge-blocks,256,64,exact,0,2,8,0,1.18669,1.14453,2.53
area_mm2,ridge-blocks,512,64,exact,0,2,4,3,0.9829,0.98356,2.53
area_mm2,ridge-blocks,1024,64,exact,0,2,3,3,1.23103,1.28506,2.53
area_mm2,ridge-blocks,512,32,exact,0,2,8,0,1.56363,1.56965,2.53
area_mm2,ridge-blocks,512,64,exact,0,1,7,0,1.60373,1.58214,2.53
area_mm2,gbm-genes,512,32,exact,0,2,4,3,0.82616,0.73714,14.52
area_mm2,gbm-genes,256,32,sampled,4,0,8,0,0.1518,0.20993,14.52
area_mm2,gbm-genes,256,32,exact,0,0,8,0,0.15099,0.13787,14.52
area_mm2,gbm-genes,256,64,exact,0,0,8,0,0.19733,0.22394,14.52
area_mm2,gbm-genes,256,32,trunc,1,0,8,0,0.14917,0.13905,14.52
area_mm2,gbm-genes,512,32,exact,0,0,8,0,0.2335,0.25252,14.52
area_mm2,gbm-genes,512,64,exact,0,0,8,0,0.28145,0.29543,14.52
area_mm2,gbm-genes,512,32,satcomp,2,0,8,0,0.23023,0.22151,14.52
area_mm2,gbm-genes,512,64,trunc,1,0,8,0,0.27711,0.29541,14.52
area_mm2,gbm-genes,1024,32,exact,0,0,8,0,0.39652,0.42675,14.52
area_mm2,gbm-genes,256,32,exact,0,2,4,3,0.50047,0.52325,14.52
area_mm2,gbm-genes,256,64,exact,0,2,4,3,0.65995,0.77422,14.52
area_mm2,gbm-genes,1024,64,exact,0,0,8,0,0.45161,0.46656,14.52
area_mm2,gbm-genes,1024,64,satcomp,2,0,8,0,0.44343,0.44972,14.52
area_mm2,gbm-genes,512,128,trunc,1,1,2,1,0.70373,1.0575,14.52
area_mm2,gbm-genes,256,128,sampled,4,1,4,2,0.94496,0.74162,14.52
area_mm2,gbm-genes,512,32,satcomp,2,2,3,3,0.63082,0.84731,14.52
area_mm2,gbm-genes,256,32,satcomp,3,1,7,1,0.81087,0.83298,14.52
area_mm2,gbm-genes,256,32,exact,0,2,8,0,0.92243,1.12784,14.52
area_mm2,gbm-genes,256,64,exact,0,2,8,0,1.18669,1.06081,14.52
area_mm2,gbm-genes,512,64,exact,0,2,4,3,0.9829,0.99791,14.52
area_mm2,gbm-genes,1024,64,exact,0,2,3,3,1.23103,0.70855,14.52
area_mm2,gbm-genes,512,32,exact,0,2,8,0,1.56363,1.32131,14.52
area_mm2,gbm-genes,512,64,exact,0,1,7,0,1.60373,1.41742,14.52
power_mw,ridge-blocks,512,32,exact,0,2,4,3,429.32761,243.42659,86.99
power_mw,ridge-blocks,256,32,sampled,4,0,8,0,16.59401,4.58024,86.99
power_mw,ridge-blocks,256,32,exact,0,0,8,0,18.80547,4.33488,86.99
power_mw,ridge-blocks,256,64,exact,0,0,8,0,35.97955,38.71021,86.99
power_mw,ridge-blocks,256,32,trunc,1,0,8,0,18.3586,4.07071,86.99
power_mw,ridge-blocks,512,32,exact,0,0,8,0,23.60626,36.41478,86.99
power_mw,ridge-blocks,512,64,exact,0,0,8,0,22.58282,71.70863,86.99
power_mw,ridge-blocks,512,32,satcomp,2,0,8,0,25.82713,33.86593,86.99
power_mw,ridge-blocks,512,64,trunc,1,0,8,0,22.67873,69.68267,86.99
power_mw,ridge-blocks,1024,32,exact,0,0,8,0,74.2145,96.21378,86.99
power_mw,ridge-blocks,256,32,exact,0,2,4,3,90.99843,144.18544,86.99
power_mw,ridge-blocks,256,64,exact,0,2,4,3,289.0797,214.79038,86.99
power_mw,ridge-blocks,1024,64,exact,0,0,8,0,37.30318,131.98882,86.99
power_mw,ridge-blocks,1024,64,satcomp,2,0,8,0,37.98789,126.55788,86.99
power_mw,ridge-blocks,512,128,trunc,1,1,2,1,435.54351,224.45191,86.99
power_mw,ridge-blocks,256,128,sampled,4,1,4,2,500.34046,238.40357,86.99
power_mw,ridge-blocks,512,32,satcomp,2,2,3,3,272.47003,183.6731,86.99
power_mw,ridge-blocks,256,32,satcomp,3,1,7,1,112.70329,266.92721,86.99
power_mw,ridge-blocks,256,32,exact,0,2,8,0,213.77431,306.18066,86.99
power_mw,ridge-blocks,256,64,exact,0,2,8,0,222.82538,469.93761,86.99
power_mw,ridge-blocks,512,64,exact,0,2,4,3,245.73623,346.0188,86.99
power_mw,ridge-blocks,1024,64,exact,0,2,3,3,973.78206,335.39781,86.99
power_mw,ridge-blocks,512,32,exact,0,2,8,0,524.04654,541.66971,86.99
power_mw,ridge-blocks,512,64,exact,0,1,7,0,252.76864,668.96571,86.99
power_mw,gbm-genes,512,32,exact,0,2,4,3,429.32761,235.90942,69.51
power_mw,gbm-genes,256,32,sampled,4,0,8,0,16.59401,10.12335,69.51
power_mw,gbm-genes,256,32,exact,0,0,8,0,18.80547,-8.37229,69.51
power_mw,gbm-genes,256,64,exact,0,0,8,0,35.97955,5.53235,69.51
power_mw,gbm-genes,256,32,trunc,1,0,8,0,18.3586,-2.70017,69.51
power_mw,gbm-genes,512,32,exact,0,0,8,0,23.60626,53.13053,69.51
power_mw,gbm-genes,512,64,exact,0,0,8,0,22.58282,37.85195,69.51
power_mw,gbm-genes,512,32,satcomp,2,0,8,0,25.82713,21.24295,69.51
power_mw,gbm-genes,512,64,trunc,1,0,8,0,22.67873,42.13253,69.51
power_mw,gbm-genes,1024,32,exact,0,0,8,0,74.2145,69.73874,69.51
power_mw,gbm-genes,256,32,exact,0,2,4,3,90.99843,318.29647,69.51
power_mw,gbm-genes,256,64,exact,0,2,4,3,289.0797,105.68557,69.51
power_mw,gbm-genes,1024,64,exact,0,0,8,0,37.30318,92.32356,69.51
power_mw,gbm-genes,1024,64,satcomp,2,0,8,0,37.98789,41.35587,69.51
power_mw,gbm-genes,512,128,trunc,1,1,2,1,435.54351,459.81941,69.51
power_mw,gbm-genes,256,128,sampled,4,1,4,2,500.34046,282.80179,69.51
power_mw,gbm-genes,512,32,satcomp,2,2,3,3,272.47003,424.59269,69.51
power_mw,gbm-genes,256,32,satcomp,3,1,7,1,112.70329,184.02058,69.51
power_mw,gbm-genes,256,32,exact,0,2,8,0,213.77431,280.10547,69.51
power_mw,gbm-genes,256,64,exact,0,2,8,0,222.82538,288.97161,69.51
power_mw,gbm-genes,512,64,exact,0,2,4,3,245.73623,479.54848,69.51
power_mw,gbm-genes,1024,64,exact,0,2,3,3,973.78206,314.8187,69.51
power_mw,gbm-genes,512,32,exact,0,2,8,0,524.04654,265.12207,69.51
power_mw,gbm-genes,512,64,exact,0,1,7,0,252.76864,322.2878,69.51
