D,variant,knob,learn,w,k,acc,acc_static,acc_std
256,exact,0,0,8,0,0.65292,0.66766,0.06724
256,exact,0,1,2,0,0.78762,0.6006,0.05369
256,exact,0,1,2,1,0.78409,0.59038,0.07942
256,exact,0,1,2,2,0.77473,0.62927,0.05987
256,exact,0,1,6,3,0.65365,0.65694,0.13676
256,exact,0,1,6,4,0.64409,0.63675,0.13522
256,exact,0,1,7,0,0.65278,0.66243,0.12915
256,exact,0,1,7,1,0.64638,0.6532,0.1182
256,exact,0,1,5,0,0.77805,0.6547,0.11963
256,exact,0,1,5,1,0.7244,0.66343,0.11034
256,exact,0,1,5,2,0.68941,0.64174,0.10415
256,exact,0,1,5,3,0.6567,0.65694,0.13506
256,exact,0,1,3,2,0.76389,0.66966,0.08838
256,exact,0,1,3,3,0.75312,0.65246,0.10042
256,exact,0,1,3,4,0.69824,0.62304,0.10755
256,exact,0,1,4,0,0.7643,0.65445,0.10036
256,exact,0,1,2,3,0.78891,0.61456,0.07274
256,exact,0,1,2,4,0.73677,0.56195,0.10536
256,exact,0,1,3,0,0.80143,0.65819,0.07728
256,exact,0,1,3,1,0.78848,0.67066,0.09106
256,exact,0,1,5,4,0.64409,0.63675,0.13522
256,exact,0,1,6,0,0.70341,0.66442,0.1237
256,exact,0,1,6,1,0.65775,0.6532,0.12628
256,exact,0,1,6,2,0.66347,0.64797,0.11735
256,exact,0,1,7,2,0.66347,0.64797,0.11735
256,exact,0,1,7,3,0.65365,0.65694,0.13676
256,exact,0,1,7,4,0.64409,0.63675,0.13522
256,exact,0,1,8,0,0.65101,0.66243,0.12787
256,exact,0,1,8,1,0.64638,0.6532,0.1182
256,exact,0,1,8,2,0.66347,0.64797,0.11735
256,exact,0,1,8,3,0.65365,0.65694,0.13676
256,exact,0,1,8,4,0.64409,0.63675,0.13522
256,exact,0,1,4,1,0.78388,0.67115,0.12916
256,exact,0,1,4,2,0.73746,0.66417,0.11254
256,exact,0,1,4,3,0.68919,0.65395,0.12839
256,exact,0,1,4,4,0.66861,0.63849,0.12978
256,exact,0,2,4,2,0.6276,0.59935,0.10653
256,exact,0,2,4,3,0.68744,0.65046,0.07767
256,exact,0,2,4,4,0.66324,0.6921,0.07984
256,exact,0,2,5,0,0.58893,0.59985,0.09533
256,exact,0,2,6,4,0.73925,0.68711,0.07782
256,exact,0,2,7,0,0.80936,0.75019,0.08081
256,exact,0,2,7,1,0.80102,0.72052,0.04868
256,exact,0,2,7,2,0.7876,0.74919,0.07492
256,exact,0,2,6,0,0.69355,0.67764,0.0779
256,exact,0,2,6,1,0.78435,0.72825,0.10024
256,exact,0,2,6,2,0.77728,0.75318,0.0816
256,exact,0,2,6,3,0.78001,0.71005,0.07878
256,sampled,4,1,2,0,0.72158,0.53129,0.0539
256,sampled,4,1,2,1,0.74007,0.53628,0.06056
256,sampled,4,1,2,2,0.71216,0.52082,0.06199
256,sampled,4,1,2,3,0.71614,0.52007,0.07688
256,exact,0,2,2,0,0.36114,0.31488,0.08219
256,exact,0,2,2,1,0.31085,0.30616,0.12192
256,exact,0,2,2,2,0.32305,0.3999,0.10536
256,exact,0,2,2,3,0.51526,0.42134,0.07202
256,exact,0,2,2,4,0.51981,0.56619,0.09539
256,exact,0,2,3,0,0.4004,0.38943,0.09311
256,exact,0,2,3,1,0.49808,0.40115,0.1071
256,exact,0,2,3,2,0.57253,0.54824,0.1215
256,exact,0,2,7,3,0.74875,0.729,0.11412
256,exact,0,2,7,4,0.73174,0.7078,0.09514
256,exact,0,2,8,0,0.8252,0.71179,0.06881
256,exact,0,2,8,1,0.76699,0.70905,0.09936
256,exact,0,2,5,1,0.65371,0.69559,0.11056
256,exact,0,2,5,2,0.71361,0.70332,0.11003
256,exact,0,2,5,3,0.76847,0.76141,0.0635
256,exact,0,2,5,4,0.69418,0.728,0.06459
256,exact,0,2,3,3,0.55072,0.55024,0.08845
256,exact,0,2,3,4,0.57649,0.59437,0.08931
256,exact,0,2,4,0,0.48052,0.45201,0.09726
256,exact,0,2,4,1,0.64564,0.60234,0.09295
256,sampled,4,1,3,3,0.68037,0.56146,0.07629
256,sampled,4,1,3,4,0.63075,0.5455,0.10365
256,sampled,4,1,4,0,0.72481,0.54525,0.09671
256,sampled,4,1,4,1,0.70818,0.55497,0.09909
256,sampled,4,1,4,2,0.67458,0.57068,0.07774
256,sampled,4,1,4,3,0.63176,0.57342,0.08233
256,sampled,4,1,4,4,0.58387,0.5637,0.1206
256,sampled,4,1,5,0,0.67121,0.55148,0.0908
256,sampled,4,1,2,4,0.66502,0.547,0.07533
256,sampled,4,1,3,0,0.75089,0.55622,0.06789
256,sampled,4,1,3,1,0.72126,0.5824,0.07916
256,sampled,4,1,3,2,0.70905,0.59137,0.07611
256,sampled,4,1,8,2,0.58195,0.55996,0.12313
256,sampled,4,1,8,3,0.58068,0.55323,0.12528
256,sampled,4,1,8,4,0.5657,0.56021,0.13058
256,sampled,4,2,2,0,0.28674,0.34131,0.11058
256,sampled,4,1,6,0,0.63707,0.54899,0.11683
256,sampled,4,1,6,1,0.58831,0.56171,0.11873
256,sampled,4,1,6,2,0.58195,0.55996,0.12313
256,sampled,4,1,6,3,0.58068,0.55323,0.12528
256,exact,0,2,8,2,0.73887,0.70855,0.09188
256,exact,0,2,8,3,0.75158,0.7088,0.09947
256,exact,0,2,8,4,0.73485,0.72999,0.09696
256,sampled,4,0,8,0,0.56617,0.55647,0.08867
256,sampled,4,1,6,4,0.5657,0.56021,0.13058
256,sampled,4,1,7,0,0.58242,0.54924,0.12351
256,sampled,4,1,7,1,0.58033,0.56171,0.12476
256,sampled,4,1,7,2,0.58195,0.55996,0.12313
256,sampled,4,1,5,1,0.66855,0.55647,0.10602
256,sampled,4,1,5,2,0.61457,0.56096,0.08924
256,sampled,4,1,5,3,0.58777,0.55323,0.11852
256,sampled,4,1,5,4,0.5657,0.56021,0.13058
256,sampled,4,1,7,3,0.58068,0.55323,0.12528
256,sampled,4,1,7,4,0.5657,0.56021,0.13058
256,sampled,4,1,8,0,0.57621,0.54924,0.12717
256,sampled,4,1,8,1,0.58033,0.56171,0.12476
256,sampled,4,2,2,1,0.28429,0.40588,0.11371
256,sampled,4,2,2,2,0.37295,0.32885,0.09409
256,sampled,4,2,2,3,0.33199,0.4176,0.08574
256,sampled,4,2,2,4,0.44914,0.41785,0.12004
256,sampled,4,2,3,4,0.5198,0.50386,0.09823
256,sampled,4,2,4,0,0.5386,0.51808,0.10161
256,sampled,4,2,4,1,0.55737,0.50586,0.12719
256,sampled,4,2,4,2,0.61082,0.56894,0.08999
256,sampled,4,2,4,3,0.63891,0.56046,0.08453
256,sampled,4,2,4,4,0.62869,0.58015,0.08175
256,sampled,4,2,5,0,0.58122,0.54849,0.08042
256,sampled,4,2,5,1,0.63377,0.64697,0.09953
256,sampled,4,2,7,0,0.65571,0.64273,0.13087
256,sampled,4,2,7,1,0.69217,0.62703,0.05454
256,sampled,4,2,7,2,0.65922,0.63899,0.09475
256,sampled,4,2,7,3,0.67525,0.67664,0.06493
256,satcomp,2,1,3,0,0.80143,0.65844,0.07728
256,satcomp,2,1,3,1,0.78848,0.67091,0.09106
256,satcomp,2,1,3,2,0.76295,0.66916,0.08687
256,satcomp,2,1,3,3,0.75312,0.65171,0.10042
256,sampled,4,2,8,3,0.6399,0.56943,0.09499
256,sampled,4,2,8,4,0.63266,0.62553,0.05924
256,satcomp,2,0,8,0,0.65105,0.66642,0.06438
256,satcomp,2,1,2,0,0.78676,0.59885,0.05416
256,sampled,4,2,6,1,0.66799,0.65221,0.11284
256,sampled,4,2,6,2,0.68724,0.66118,0.08145
256,sampled,4,2,6,3,0.67875,0.64971,0.06543
256,sampled,4,2,6,4,0.69465,0.62877,0.06058
256,satcomp,2,1,3,4,0.70081,0.62304,0.10445
256,satcomp,2,1,4,0,0.7643,0.6537,0.10036
256,satcomp,2,1,4,1,0.78388,0.6714,0.12916
256,satcomp,2,1,4,2,0.73566,0.66392,0.11192
256,sampled,4,2,3,0,0.45264,0.38095,0.10835
256,sampled,4,2,3,1,0.42218,0.46622,0.11558
256,sampled,4,2,3,2,0.49497,0.46098,0.08743
256,sampled,4,2,3,3,0.48744,0.54176,0.11239
256,sampled,4,2,5,2,0.65101,0.63351,0.0864
256,sampled,4,2,5,3,0.65101,0.6173,0.09653
256,sampled,4,2,5,4,0.63351,0.65295,0.0754
256,sampled,4,2,6,0,0.65451,0.55448,0.10903
256,satcomp,2,1,2,1,0.78409,0.59038,0.07942
256,satcomp,2,1,2,2,0.77473,0.62877,0.05987
256,satcomp,2,1,2,3,0.78806,0.61406,0.07383
256,satcomp,2,1,2,4,0.73693,0.56096,0.10533
256,satcomp,2,1,7,0,0.65278,0.66093,0.12915
256,satcomp,2,1,7,1,0.64638,0.65295,0.1182
256,satcomp,2,1,7,2,0.66347,0.64747,0.11735
256,satcomp,2,1,7,3,0.65365,0.6562,0.13676
256,satcomp,2,1,5,2,0.68941,0.64124,0.10415
256,satcomp,2,1,5,3,0.6567,0.6562,0.13506
256,satcomp,2,1,5,4,0.64315,0.63675,0.13434
256,satcomp,2,1,6,0,0.70341,0.66367,0.1237
256,sampled,4,2,7,4,0.65263,0.63376,0.10092
256,sampled,4,2,8,0,0.68973,0.67963,0.06385
256,sampled,4,2,8,1,0.69583,0.66343,0.08712
256,sampled,4,2,8,2,0.66401,0.63725,0.08604
256,satcomp,2,1,4,3,0.69005,0.6537,0.12844
256,satcomp,2,1,4,4,0.66768,0.63849,0.12912
256,satcomp,2,1,5,0,0.77805,0.6537,0.11963
256,satcomp,2,1,5,1,0.7244,0.66318,0.11034
256,satcomp,2,1,6,1,0.65775,0.65295,0.12628
256,satcomp,2,1,6,2,0.66347,0.64747,0.11735
256,satcomp,2,1,6,3,0.65365,0.6562,0.13676
256,satcomp,2,1,6,4,0.64315,0.63675,0.13434
256,satcomp,2,1,8,3,0.65365,0.6562,0.13676
256,satcomp,2,1,8,4,0.64315,0.63675,0.13434
256,satcomp,2,2,2,0,0.34262,0.32959,0.10987
256,satcomp,2,2,2,1,0.28254,0.33957,0.08589
256,satcomp,2,1,7,4,0.64315,0.63675,0.13434
256,satcomp,2,1,8,0,0.65101,0.66093,0.12787
256,satcomp,2,1,8,1,0.64638,0.65295,0.1182
256,satcomp,2,1,8,2,0.66347,0.64747,0.11735
256,satcomp,2,2,4,4,0.63713,0.66417,0.07647
256,satcomp,2,2,5,0,0.60977,0.48517,0.10974
256,satcomp,2,2,5,1,0.6272,0.56819,0.11655
256,satcomp,2,2,5,2,0.64481,0.66966,0.11695
256,satcomp,2,2,3,1,0.49344,0.47794,0.17045
256,satcomp,2,2,3,2,0.48267,0.44652,0.10067
256,satcomp,2,2,3,3,0.52825,0.47694,0.08671
256,satcomp,2,2,3,4,0.56624,0.47569,0.10271
256,satcomp,2,2,2,2,0.32456,0.38743,0.12979
256,satcomp,2,2,2,3,0.30182,0.34081,0.11469
256,satcomp,2,2,2,4,0.41084,0.43455,0.10399
256,satcomp,2,2,3,0,0.38393,0.34306,0.06565
256,satcomp,2,2,6,2,0.75389,0.73972,0.04579
256,satcomp,2,2,6,3,0.758,0.69359,0.07349
256,satcomp,2,2,6,4,0.71469,0.70905,0.10002
256,satcomp,2,2,7,0,0.81288,0.77437,0.07783
256,satcomp,2,2,5,3,0.72639,0.68013,0.09578
256,satcomp,2,2,5,4,0.7419,0.70107,0.06229
256,satcomp,2,2,6,0,0.70443,0.66766,0.13503
256,satcomp,2,2,6,1,0.75652,0.70855,0.09447
256,satcomp,2,2,8,4,0.74503,0.68861,0.06459
256,satcomp,3,0,8,0,0.65292,0.66766,0.06724
256,satcomp,3,1,2,0,0.78762,0.6006,0.05369
256,satcomp,3,1,2,1,0.78409,0.59038,0.07942
256,satcomp,2,2,4,0,0.51379,0.53204,0.08233
256,satcomp,2,2,4,1,0.53116,0.51409,0.10072
256,satcomp,2,2,4,2,0.57327,0.62902,0.0961
256,satcomp,2,2,4,3,0.60183,0.59661,0.09798
256,satcomp,3,1,3,1,0.78848,0.67066,0.09106
256,satcomp,3,1,3,2,0.76389,0.66966,0.08838
256,satcomp,3,1,3,3,0.75312,0.65246,0.10042
256,satcomp,3,1,3,4,0.69824,0.62304,0.10755
256,satcomp,3,1,4,0,0.7643,0.65445,0.10036
256,satcomp,3,1,4,1,0.78388,0.67115,0.12916
256,satcomp,3,1,4,2,0.73746,0.66417,0.11254
256,satcomp,3,1,4,3,0.68919,0.65395,0.12839
256,satcomp,3,1,4,4,0.66861,0.63849,0.12978
256,satcomp,3,1,5,0,0.77805,0.6547,0.11963
256,satcomp,3,1,5,1,0.7244,0.66343,0.11034
256,satcomp,3,1,5,2,0.68941,0.64174,0.10415
256,satcomp,3,1,2,2,0.77473,0.62927,0.05987
256,satcomp,3,1,2,3,0.78891,0.61456,0.07274
256,satcomp,3,1,2,4,0.73677,0.56195,0.10536
256,satcomp,3,1,3,0,0.80143,0.65819,0.07728
256,satcomp,3,1,8,0,0.65101,0.66243,0.12787
256,satcomp,3,1,8,1,0.64638,0.6532,0.1182
256,satcomp,3,1,8,2,0.66347,0.64797,0.11735
256,satcomp,3,1,8,3,0.65365,0.65694,0.13676
256,satcomp,3,1,7,1,0.64638,0.6532,0.1182
256,satcomp,3,1,7,2,0.66347,0.64797,0.11735
256,satcomp,3,1,7,3,0.65365,0.65694,0.13676
256,satcomp,3,1,7,4,0.64409,0.63675,0.13522
256,satcomp,2,2,8,0,0.79785,0.75143,0.10718
256,satcomp,2,2,8,1,0.76529,0.68736,0.07566
256,satcomp,2,2,8,2,0.74194,0.68237,0.08996
256,satcomp,2,2,8,3,0.72528,0.69384,0.07586
256,satcomp,3,1,5,3,0.6567,0.65694,0.13506
256,satcomp,3,1,5,4,0.64409,0.63675,0.13522
256,satcomp,3,1,6,0,0.70341,0.66442,0.1237
256,satcomp,3,1,6,1,0.65775,0.6532,0.12628
256,satcomp,3,1,6,2,0.66347,0.64797,0.11735
256,satcomp,3,1,6,3,0.65365,0.65694,0.13676
256,satcomp,3,1,6,4,0.64409,0.63675,0.13522
256,satcomp,3,1,7,0,0.65278,0.66243,0.12915
256,satcomp,2,2,7,1,0.77186,0.74221,0.09581
256,satcomp,2,2,7,2,0.73631,0.70855,0.07717
256,satcomp,2,2,7,3,0.73038,0.68088,0.08833
256,satcomp,2,2,7,4,0.71068,0.67614,0.09947
256,satcomp,3,2,3,2,0.51197,0.53378,0.05272
256,satcomp,3,2,3,3,0.61922,0.55572,0.09487
256,satcomp,3,2,3,4,0.63822,0.5804,0.09767
256,satcomp,3,2,4,0,0.48052,0.45201,0.09726
256,satcomp,3,2,4,1,0.60865,0.62802,0.14403
256,satcomp,3,2,4,2,0.67577,0.59162,0.08075
256,satcomp,3,2,4,3,0.66987,0.65345,0.0759
256,satcomp,3,2,4,4,0.67518,0.6537,0.07849
256,satcomp,3,2,6,3,0.78001,0.71005,0.07878
256,satcomp,3,2,6,4,0.73925,0.68711,0.07782
256,satcomp,3,2,7,0,0.80936,0.75019,0.08081
256,satcomp,3,2,7,1,0.80102,0.72052,0.04868
256,trunc,1,0,8,0,0.53939,0.53478,0.07532
256,trunc,1,1,2,0,0.66746,0.47669,0.0947
256,trunc,1,1,2,1,0.65655,0.4555,0.09955
256,trunc,1,1,2,2,0.67184,0.49414,0.08333
256,satcomp,3,2,5,4,0.69418,0.728,0.06459
256,satcomp,3,2,6,0,0.69355,0.67764,0.0779
256,satcomp,3,2,6,1,0.78435,0.72825,0.10024
256,satcomp,3,2,6,2,0.77728,0.75318,0.0816
256,satcomp,3,1,8,4,0.64409,0.63675,0.13522
256,satcomp,3,2,2,0,0.36114,0.31488,0.08219
256,satcomp,3,2,2,1,0.33791,0.29319,0.12442
256,satcomp,3,2,2,2,0.36493,0.33283,0.08854
256,trunc,1,1,2,3,0.67155,0.5278,0.09875
256,trunc,1,1,2,4,0.62471,0.455,0.08902
256,trunc,1,1,3,0,0.69143,0.49364,0.08576
256,trunc,1,1,3,1,0.65567,0.47569,0.11838
256,satcomp,3,2,5,0,0.58893,0.59985,0.09533
256,satcomp,3,2,5,1,0.69697,0.6906,0.03082
256,satcomp,3,2,5,2,0.69328,0.6906,0.07405
256,satcomp,3,2,5,3,0.7705,0.76141,0.06228
256,trunc,1,1,3,2,0.66523,0.51608,0.08053
256,trunc,1,1,3,3,0.6339,0.50087,0.08694
256,trunc,1,1,3,4,0.56888,0.4717,0.11109
256,trunc,1,1,4,0,0.64999,0.48517,0.11519
256,trunc,1,1,5,4,0.50612,0.4899,0.10974
256,trunc,1,1,6,0,0.55472,0.49838,0.08765
256,trunc,1,1,6,1,0.53319,0.49713,0.08359
256,trunc,1,1,6,2,0.53023,0.49688,0.07896
256,trunc,1,1,5,0,0.62383,0.48566,0.08636
256,trunc,1,1,5,1,0.57747,0.49464,0.08579
256,trunc,1,1,5,2,0.55221,0.49813,0.09834
256,trunc,1,1,5,3,0.52006,0.49988,0.09781
256,trunc,1,1,7,2,0.53023,0.49688,0.07896
256,trunc,1,1,7,3,0.51741,0.49988,0.09525
256,trunc,1,1,7,4,0.50612,0.4899,0.10974
256,trunc,1,1,8,0,0.51646,0.49713,0.08243
256,satcomp,3,2,7,2,0.7876,0.74919,0.07492
256,satcomp,3,2,7,3,0.74875,0.729,0.11412
256,satcomp,3,2,7,4,0.73174,0.7078,0.09514
256,satcomp,3,2,8,0,0.8252,0.71179,0.06881
256,trunc,1,1,8,1,0.53389,0.49713,0.08765
256,trunc,1,1,8,2,0.53023,0.49688,0.07896
256,trunc,1,1,8,3,0.51741,0.49988,0.09525
256,trunc,1,1,8,4,0.50612,0.4899,0.10974
256,trunc,1,1,4,1,0.64388,0.49339,0.09244
256,trunc,1,1,4,2,0.61675,0.49464,0.09666
256,trunc,1,1,4,3,0.54148,0.50237,0.12006
256,trunc,1,1,4,4,0.53662,0.48866,0.10168
256,satcomp,3,2,8,1,0.76699,0.70905,0.09936
256,satcomp,3,2,8,2,0.73887,0.70855,0.09188
256,satcomp,3,2,8,3,0.75158,0.7088,0.09947
256,satcomp,3,2,8,4,0.73485,0.72999,0.09696
256,trunc,1,1,6,3,0.51741,0.49988,0.09525
256,trunc,1,1,6,4,0.50612,0.4899,0.10974
256,trunc,1,1,7,0,0.51646,0.49713,0.08243
256,trunc,1,1,7,1,0.53389,0.49713,0.08765
256,satcomp,3,2,2,3,0.38656,0.40613,0.12864
256,satcomp,3,2,2,4,0.47784,0.45251,0.10474
256,satcomp,3,2,3,0,0.4004,0.38943,0.09311
256,satcomp,3,2,3,1,0.4652,0.50337,0.12652
256,trunc,1,2,2,0,0.25976,0.31389,0.12058
256,trunc,1,2,2,1,0.34603,0.2745,0.12983
256,trunc,1,2,2,2,0.38519,0.42084,0.10442
256,trunc,1,2,2,3,0.44626,0.42807,0.07109
256,trunc,1,2,2,4,0.41804,0.44503,0.0798
256,trunc,1,2,3,0,0.39283,0.40937,0.11128
256,trunc,1,2,3,1,0.4753,0.54351,0.08588
256,trunc,1,2,3,2,0.54663,0.51783,0.09754
256,trunc,1,2,3,3,0.56906,0.53553,0.0968
256,trunc,1,2,3,4,0.55522,0.5819,0.08146
256,trunc,1,2,4,0,0.53366,0.50885,0.10347
256,trunc,1,2,4,1,0.57273,0.59387,0.12571
512,exact,0,1,2,0,0.83283,0.65395,0.07178
512,exact,0,1,2,1,0.83878,0.61057,0.06148
512,exact,0,1,2,2,0.81248,0.68063,0.06925
512,exact,0,1,2,3,0.80195,0.68462,0.10113
256,trunc,1,2,6,0,0.54419,0.47843,0.09732
256,trunc,1,2,6,1,0.69487,0.69409,0.10138
256,trunc,1,2,6,2,0.72144,0.70805,0.06124
256,trunc,1,2,6,3,0.70459,0.68786,0.0871
256,trunc,1,2,6,4,0.62752,0.62603,0.07913
256,trunc,1,2,7,0,0.68504,0.63999,0.08636
256,trunc,1,2,7,1,0.75116,0.75492,0.0866
256,trunc,1,2,7,2,0.68921,0.68487,0.08517
512,exact,0,1,2,4,0.7782,0.65021,0.10812
512,exact,0,1,3,0,0.83306,0.73199,0.08249
512,exact,0,1,3,1,0.82807,0.71379,0.08977
512,exact,0,1,3,2,0.81544,0.72226,0.10811
512,exact,0,1,3,3,0.78616,0.71454,0.12638
512,exact,0,1,3,4,0.74322,0.6906,0.14053
512,exact,0,1,4,0,0.80845,0.73373,0.0965
512,exact,0,1,4,1,0.79174,0.7275,0.13934
256,trunc,1,2,8,2,0.67035,0.63077,0.10105
256,trunc,1,2,8,3,0.61131,0.57143,0.06343
256,trunc,1,2,8,4,0.63012,0.64872,0.08577
512,exact,0,0,8,0,0.77566,0.77686,0.10054
512,exact,0,1,6,0,0.7658,0.73573,0.14763
512,exact,0,1,6,1,0.75012,0.7457,0.15714
512,exact,0,1,6,2,0.73492,0.73099,0.14489
512,exact,0,1,6,3,0.74173,0.74221,0.14288
256,trunc,1,2,5,1,0.70035,0.68861,0.06446
256,trunc,1,2,5,2,0.67706,0.66068,0.06513
256,trunc,1,2,5,3,0.7121,0.68686,0.08874
256,trunc,1,2,5,4,0.69359,0.65719,0.06548
512,exact,0,1,6,4,0.71711,0.71678,0.15249
512,exact,0,1,7,0,0.7254,0.73448,0.13296
512,exact,0,1,7,1,0.74483,0.7457,0.14932
512,exact,0,1,7,2,0.73492,0.73099,0.14489
256,trunc,1,2,4,2,0.65267,0.66343,0.11362
256,trunc,1,2,4,3,0.66397,0.65046,0.06935
256,trunc,1,2,4,4,0.65428,0.66343,0.07689
256,trunc,1,2,5,0,0.65641,0.52755,0.07308
512,exact,0,1,7,3,0.74173,0.74221,0.14288
512,exact,0,1,7,4,0.71711,0.71678,0.15249
512,exact,0,1,8,0,0.72451,0.73448,0.13244
512,exact,0,1,8,1,0.74483,0.7457,0.14932
512,exact,0,1,4,2,0.76389,0.726,0.13707
512,exact,0,1,4,3,0.73369,0.73049,0.14458
512,exact,0,1,4,4,0.71963,0.72177,0.13229
512,exact,0,1,5,0,0.79881,0.73099,0.1234
256,trunc,1,2,7,3,0.66128,0.6542,0.08958
256,trunc,1,2,7,4,0.61558,0.60833,0.09118
256,trunc,1,2,8,0,0.68879,0.70007,0.09214
256,trunc,1,2,8,1,0.66797,0.64149,0.06581
512,exact,0,1,5,1,0.77509,0.73722,0.15348
512,exact,0,1,5,2,0.73459,0.72775,0.14
512,exact,0,1,5,3,0.74528,0.74221,0.14475
512,exact,0,1,5,4,0.71711,0.71678,0.15249
512,exact,0,2,3,0,0.37804,0.36649,0.09456
512,exact,0,2,3,1,0.43028,0.48766,0.1445
512,exact,0,2,3,2,0.52942,0.55871,0.17258
512,exact,0,2,3,3,0.63582,0.6532,0.10438
512,exact,0,1,8,2,0.73492,0.73099,0.14489
512,exact,0,1,8,3,0.74173,0.74221,0.14288
512,exact,0,1,8,4,0.71711,0.71678,0.15249
512,exact,0,2,2,0,0.32968,0.31788,0.08506
512,exact,0,2,3,4,0.72814,0.65445,0.07748
512,exact,0,2,4,0,0.62579,0.48666,0.11412
512,exact,0,2,4,1,0.62577,0.68088,0.1575
512,exact,0,2,4,2,0.67318,0.69584,0.07859
512,exact,0,2,4,3,0.75356,0.70656,0.0458
512,exact,0,2,4,4,0.77658,0.75742,0.08522
512,exact,0,2,5,0,0.67158,0.57542,0.08631
512,exact,0,2,5,1,0.77147,0.73099,0.11563
512,exact,0,2,7,4,0.78798,0.7801,0.09132
512,exact,0,2,8,0,0.84462,0.79556,0.06433
512,exact,0,2,8,1,0.8272,0.7998,0.09578
512,exact,0,2,8,2,0.79888,0.75617,0.08496
512,exact,0,2,7,0,0.858,0.82024,0.06903
512,exact,0,2,7,1,0.85351,0.79157,0.07908
512,exact,0,2,7,2,0.7994,0.78484,0.11087
512,exact,0,2,7,3,0.78881,0.78135,0.0948
512,sampled,4,1,2,1,0.78409,0.59038,0.07942
512,sampled,4,1,2,2,0.77473,0.62927,0.05987
512,sampled,4,1,2,3,0.78891,0.61456,0.07274
512,sampled,4,1,2,4,0.73677,0.56195,0.10536
512,sampled,4,1,4,3,0.68919,0.65395,0.12839
512,sampled,4,1,4,4,0.66861,0.63849,0.12978
512,sampled,4,1,5,0,0.77805,0.6547,0.11963
512,sampled,4,1,5,1,0.7244,0.66343,0.11034
512,sampled,4,1,5,2,0.68941,0.64174,0.10415
512,sampled,4,1,5,3,0.6567,0.65694,0.13506
512,sampled,4,1,5,4,0.64409,0.63675,0.13522
512,sampled,4,1,6,0,0.70341,0.66442,0.1237
512,sampled,4,1,3,0,0.80143,0.65819,0.07728
512,sampled,4,1,3,1,0.78848,0.67066,0.09106
512,sampled,4,1,3,2,0.76389,0.66966,0.08838
512,sampled,4,1,3,3,0.75312,0.65246,0.10042
512,sampled,4,1,3,4,0.69824,0.62304,0.10755
512,sampled,4,1,4,0,0.7643,0.65445,0.10036
512,sampled,4,1,4,1,0.78388,0.67115,0.12916
512,sampled,4,1,4,2,0.73746,0.66417,0.11254
512,exact,0,2,5,2,0.81529,0.74894,0.08419
512,exact,0,2,5,3,0.75872,0.77512,0.07075
512,exact,0,2,5,4,0.77858,0.73573,0.0865
512,exact,0,2,6,0,0.79722,0.82997,0.10931
512,sampled,4,1,6,1,0.65775,0.6532,0.12628
512,sampled,4,1,6,2,0.66347,0.64797,0.11735
512,sampled,4,1,6,3,0.65365,0.65694,0.13676
512,sampled,4,1,6,4,0.64409,0.63675,0.13522
512,sampled,4,1,7,4,0.64409,0.63675,0.13522
512,sampled,4,1,8,0,0.65101,0.66243,0.12787
512,sampled,4,1,8,1,0.64638,0.6532,0.1182
512,sampled,4,1,8,2,0.66347,0.64797,0.11735
512,exact,0,2,2,1,0.31711,0.33508,0.08706
512,exact,0,2,2,2,0.40189,0.42009,0.13741
512,exact,0,2,2,3,0.45024,0.49738,0.06434
512,exact,0,2,2,4,0.5299,0.43306,0.09479
512,exact,0,2,6,1,0.84941,0.83321,0.08201
512,exact,0,2,6,2,0.83818,0.80055,0.06058
512,exact,0,2,6,3,0.77944,0.77786,0.10927
512,exact,0,2,6,4,0.77104,0.75443,0.09632
512,exact,0,2,8,3,0.80186,0.78709,0.09077
512,exact,0,2,8,4,0.80346,0.75991,0.1011
512,sampled,4,0,8,0,0.66831,0.69309,0.08714
512,sampled,4,1,2,0,0.78762,0.6006,0.05369
512,sampled,4,1,7,0,0.65278,0.66243,0.12915
512,sampled,4,1,7,1,0.64638,0.6532,0.1182
512,sampled,4,1,7,2,0.66347,0.64797,0.11735
512,sampled,4,1,7,3,0.65365,0.65694,0.13676
512,sampled,4,2,4,0,0.48052,0.45201,0.09726
512,sampled,4,2,4,1,0.64564,0.60234,0.09295
512,sampled,4,2,4,2,0.6276,0.59935,0.10653
512,sampled,4,2,4,3,0.68744,0.65046,0.07767
512,sampled,4,2,4,4,0.66324,0.6921,0.07984
512,sampled,4,2,5,0,0.58893,0.59985,0.09533
512,sampled,4,2,5,1,0.65371,0.69559,0.11056
512,sampled,4,2,5,2,0.71361,0.70332,0.11003
512,sampled,4,2,7,1,0.80102,0.72052,0.04868
512,sampled,4,2,7,2,0.7876,0.74919,0.07492
512,sampled,4,2,7,3,0.74875,0.729,0.11412
512,sampled,4,2,7,4,0.73174,0.7078,0.09514
512,sampled,4,2,8,4,0.73485,0.72999,0.09696
512,satcomp,2,0,8,0,0.77668,0.77711,0.09865
512,satcomp,2,1,2,0,0.83283,0.6537,0.07178
512,satcomp,2,1,2,1,0.83878,0.61007,0.06148
512,sampled,4,2,5,3,0.76847,0.76141,0.0635
512,sampled,4,2,5,4,0.69418,0.728,0.06459
512,sampled,4,2,6,0,0.69355,0.67764,0.0779
512,sampled,4,2,6,1,0.78435,0.72825,0.10024
512,sampled,4,2,8,0,0.8252,0.71179,0.06881
512,sampled,4,2,8,1,0.76699,0.70905,0.09936
512,sampled,4,2,8,2,0.73887,0.70855,0.09188
512,sampled,4,2,8,3,0.75158,0.7088,0.09947
512,sampled,4,2,3,1,0.49808,0.40115,0.1071
512,sampled,4,2,3,2,0.57253,0.54824,0.1215
512,sampled,4,2,3,3,0.55072,0.55024,0.08845
512,sampled,4,2,3,4,0.57649,0.59437,0.08931
512,sampled,4,1,8,3,0.65365,0.65694,0.13676
512,sampled,4,1,8,4,0.64409,0.63675,0.13522
512,sampled,4,2,2,0,0.36114,0.31488,0.08219
512,sampled,4,2,2,1,0.31085,0.30616,0.12192
512,satcomp,2,1,2,2,0.81248,0.68088,0.06925
512,satcomp,2,1,2,3,0.80195,0.68362,0.10113
512,satcomp,2,1,2,4,0.7801,0.64946,0.10721
512,satcomp,2,1,3,0,0.83306,0.73199,0.08249
512,satcomp,2,1,4,0,0.80757,0.73373,0.09507
512,satcomp,2,1,4,1,0.79174,0.72775,0.13934
512,satcomp,2,1,4,2,0.763,0.726,0.13598
512,satcomp,2,1,4,3,0.73369,0.72974,0.14458
512,satcomp,2,1,4,4,0.71963,0.72152,0.13229
512,satcomp,2,1,5,0,0.79881,0.73099,0.1234
512,satcomp,2,1,5,1,0.77509,0.73647,0.15348
512,satcomp,2,1,5,2,0.73459,0.7265,0.14
512,satcomp,2,1,3,1,0.82807,0.71379,0.08977
512,satcomp,2,1,3,2,0.81369,0.72201,0.10826
512,satcomp,2,1,3,3,0.78616,0.71454,0.12638
512,satcomp,2,1,3,4,0.74322,0.69035,0.14053
512,satcomp,2,1,8,0,0.72451,0.73398,0.13244
512,satcomp,2,1,8,1,0.74483,0.7447,0.14932
512,satcomp,2,1,8,2,0.73297,0.72999,0.14457
512,satcomp,2,1,8,3,0.74173,0.74171,0.14288
512,satcomp,2,1,7,1,0.74483,0.7447,0.14932
512,satcomp,2,1,7,2,0.73297,0.72999,0.14457
512,satcomp,2,1,7,3,0.74173,0.74171,0.14288
512,satcomp,2,1,7,4,0.71711,0.71678,0.15249
512,sampled,4,2,6,2,0.77728,0.75318,0.0816
512,sampled,4,2,6,3,0.78001,0.71005,0.07878
512,sampled,4,2,6,4,0.73925,0.68711,0.07782
512,sampled,4,2,7,0,0.80936,0.75019,0.08081
512,satcomp,2,1,5,3,0.74528,0.74171,0.14475
512,satcomp,2,1,5,4,0.71711,0.71678,0.15249
512,satcomp,2,1,6,0,0.7658,0.73548,0.14763
512,satcomp,2,1,6,1,0.74918,0.7447,0.15588
512,satcomp,2,1,8,4,0.71711,0.71678,0.15249
512,satcomp,2,2,2,0,0.34382,0.31937,0.07893
512,satcomp,2,2,2,1,0.30415,0.27749,0.09304
512,satcomp,2,2,2,2,0.3572,0.44129,0.05459
512,satcomp,2,1,6,2,0.73297,0.72999,0.14457
512,satcomp,2,1,6,3,0.74173,0.74171,0.14288
512,satcomp,2,1,6,4,0.71711,0.71678,0.15249
512,satcomp,2,1,7,0,0.7254,0.73398,0.13296
512,satcomp,2,2,2,3,0.46656,0.41486,0.10739
512,satcomp,2,2,2,4,0.42291,0.44079,0.12119
512,satcomp,2,2,3,0,0.42313,0.39043,0.10546
512,satcomp,2,2,3,1,0.46316,0.43356,0.11231
512,sampled,4,2,2,2,0.32305,0.3999,0.10536
512,sampled,4,2,2,3,0.51526,0.42134,0.07202
512,sampled,4,2,2,4,0.51981,0.56619,0.09539
512,sampled,4,2,3,0,0.4004,0.38943,0.09311
512,satcomp,2,2,3,2,0.53761,0.60908,0.10201
512,satcomp,2,2,3,3,0.53098,0.55373,0.07881
512,satcomp,2,2,3,4,0.61885,0.55572,0.09131
512,satcomp,2,2,4,0,0.60287,0.52905,0.13149
512,satcomp,2,2,5,4,0.79493,0.71977,0.08813
512,satcomp,2,2,6,0,0.81188,0.78908,0.10537
512,satcomp,2,2,6,1,0.83117,0.81426,0.08282
512,satcomp,2,2,6,2,0.8186,0.7993,0.09019
512,satcomp,2,2,4,1,0.62779,0.63176,0.08176
512,satcomp,2,2,4,2,0.64555,0.62752,0.11207
512,satcomp,2,2,4,3,0.67083,0.65744,0.07479
512,satcomp,2,2,4,4,0.72335,0.68113,0.06818
512,satcomp,3,1,2,3,0.80195,0.68462,0.10113
512,satcomp,3,1,2,4,0.7782,0.65021,0.10812
512,satcomp,3,1,3,0,0.83306,0.73199,0.08249
512,satcomp,3,1,3,1,0.82807,0.71379,0.08977
512,satcomp,3,1,3,2,0.81544,0.72226,0.10811
512,satcomp,3,1,3,3,0.78616,0.71454,0.12638
512,satcomp,3,1,3,4,0.74322,0.6906,0.14053
512,satcomp,3,1,4,0,0.80845,0.73373,0.0965
512,satcomp,2,2,6,3,0.81921,0.77512,0.07675
512,satcomp,2,2,6,4,0.78388,0.76664,0.07243
512,satcomp,2,2,7,0,0.84192,0.78933,0.06722
512,satcomp,2,2,7,1,0.8444,0.80678,0.06018
512,satcomp,2,2,8,1,0.81553,0.74919,0.0788
512,satcomp,2,2,8,2,0.80858,0.76415,0.09273
512,satcomp,2,2,8,3,0.77549,0.77387,0.11047
512,satcomp,2,2,8,4,0.75866,0.74495,0.09446
512,satcomp,3,1,5,0,0.79881,0.73099,0.1234
512,satcomp,3,1,5,1,0.77509,0.73722,0.15348
512,satcomp,3,1,5,2,0.73459,0.72775,0.14
512,satcomp,3,1,5,3,0.74528,0.74221,0.14475
512,satcomp,3,0,8,0,0.77566,0.77686,0.10054
512,satcomp,3,1,2,0,0.83283,0.65395,0.07178
512,satcomp,3,1,2,1,0.83878,0.61057,0.06148
512,satcomp,3,1,2,2,0.81248,0.68063,0.06925
512,satcomp,3,1,5,4,0.71711,0.71678,0.15249
512,satcomp,3,1,6,0,0.7658,0.73573,0.14763
512,satcomp,3,1,6,1,0.75012,0.7457,0.15714
512,satcomp,3,1,6,2,0.73492,0.73099,0.14489
512,satcomp,3,1,6,3,0.74173,0.74221,0.14288
512,satcomp,3,1,6,4,0.71711,0.71678,0.15249
512,satcomp,3,1,7,0,0.7254,0.73448,0.13296
512,satcomp,3,1,7,1,0.74483,0.7457,0.14932
512,satcomp,3,1,7,2,0.73492,0.73099,0.14489
512,satcomp,3,1,7,3,0.74173,0.74221,0.14288
512,satcomp,3,1,7,4,0.71711,0.71678,0.15249
512,satcomp,3,1,8,0,0.72451,0.73448,0.13244
512,satcomp,2,2,5,0,0.66285,0.63151,0.1167
512,satcomp,2,2,5,1,0.74325,0.67988,0.09738
512,satcomp,2,2,5,2,0.75814,0.7624,0.08009
512,satcomp,2,2,5,3,0.77203,0.74944,0.10771
512,satcomp,3,1,8,1,0.74483,0.7457,0.14932
512,satcomp,3,1,8,2,0.73492,0.73099,0.14489
512,satcomp,3,1,8,3,0.74173,0.74221,0.14288
512,satcomp,3,1,8,4,0.71711,0.71678,0.15249
512,satcomp,3,1,4,1,0.79174,0.7275,0.13934
512,satcomp,3,1,4,2,0.76389,0.726,0.13707
512,satcomp,3,1,4,3,0.73369,0.73049,0.14458
512,satcomp,3,1,4,4,0.71963,0.72177,0.13229
512,satcomp,3,2,2,4,0.52257,0.53652,0.1083
512,satcomp,3,2,3,0,0.37804,0.36649,0.09456
512,satcomp,3,2,3,1,0.52448,0.55996,0.12611
512,satcomp,3,2,3,2,0.55995,0.59437,0.07363
512,satcomp,3,2,4,2,0.74763,0.71628,0.10819
512,satcomp,3,2,4,3,0.7555,0.7108,0.06635
512,satcomp,3,2,4,4,0.76379,0.74919,0.09792
512,satcomp,3,2,5,0,0.67158,0.57542,0.08631
512,satcomp,3,2,6,0,0.79722,0.82997,0.10931
512,satcomp,3,2,6,1,0.84941,0.83321,0.08201
512,satcomp,3,2,6,2,0.83818,0.80055,0.06058
512,satcomp,3,2,6,3,0.77944,0.77786,0.10927
512,satcomp,3,2,3,3,0.65845,0.63326,0.08432
512,satcomp,3,2,3,4,0.69007,0.62777,0.08788
512,satcomp,3,2,4,0,0.62579,0.48666,0.11412
512,satcomp,3,2,4,1,0.68945,0.69708,0.09909
512,satcomp,2,2,7,2,0.7999,0.7831,0.11089
512,satcomp,2,2,7,3,0.80252,0.76041,0.08005
512,satcomp,2,2,7,4,0.78809,0.78509,0.10794
512,satcomp,2,2,8,0,0.85065,0.81426,0.07077
512,trunc,1,1,2,0,0.76059,0.52481,0.07178
512,trunc,1,1,2,1,0.75487,0.51608,0.07184
512,trunc,1,1,2,2,0.74472,0.58763,0.07668
512,trunc,1,1,2,3,0.74029,0.57392,0.08382
512,satcomp,3,2,7,3,0.78881,0.78135,0.0948
512,satcomp,3,2,7,4,0.78798,0.7801,0.09132
512,satcomp,3,2,8,0,0.84462,0.79556,0.06433
512,satcomp,3,2,8,1,0.8272,0.7998,0.09578
512,satcomp,3,2,8,2,0.79888,0.75617,0.08496
512,satcomp,3,2,8,3,0.80186,0.78709,0.09077
512,satcomp,3,2,8,4,0.80346,0.75991,0.1011
512,trunc,1,0,8,0,0.58906,0.59187,0.05268
512,trunc,1,1,2,4,0.70237,0.54425,0.05481
512,trunc,1,1,3,0,0.76034,0.57542,0.08272
512,trunc,1,1,3,1,0.74988,0.54351,0.10052
512,trunc,1,1,3,2,0.75167,0.56993,0.0773
512,trunc,1,1,6,0,0.66502,0.55722,0.07511
512,trunc,1,1,6,1,0.59179,0.55946,0.09152
512,trunc,1,1,6,2,0.58746,0.56245,0.0858
512,trunc,1,1,6,3,0.59043,0.55797,0.09675
512,trunc,1,1,5,1,0.68234,0.56046,0.07358
512,trunc,1,1,5,2,0.60588,0.55921,0.09517
512,trunc,1,1,5,3,0.5922,0.55797,0.09914
512,trunc,1,1,5,4,0.57397,0.5465,0.08965
512,trunc,1,1,6,4,0.57397,0.5465,0.08965
512,trunc,1,1,7,0,0.58454,0.55797,0.07774
512,trunc,1,1,7,1,0.58731,0.55946,0.08517
512,trunc,1,1,7,2,0.58746,0.56245,0.0858
512,trunc,1,1,4,2,0.70062,0.5637,0.05776
512,trunc,1,1,4,3,0.62037,0.55423,0.10697
512,trunc,1,1,4,4,0.593,0.55024,0.07927
512,trunc,1,1,5,0,0.70164,0.547,0.06777
512,trunc,1,1,7,3,0.59043,0.55797,0.09675
512,trunc,1,1,7,4,0.57397,0.5465,0.08965
512,trunc,1,1,8,0,0.58365,0.55797,0.07804
512,trunc,1,1,8,1,0.58731,0.55946,0.08517
512,trunc,1,1,8,2,0.58746,0.56245,0.0858
512,trunc,1,1,8,3,0.59043,0.55797,0.09675
512,trunc,1,1,8,4,0.57397,0.5465,0.08965
512,trunc,1,2,2,0,0.31932,0.31538,0.11975
512,trunc,1,1,3,3,0.72218,0.54375,0.09048
512,trunc,1,1,3,4,0.63421,0.53004,0.09893
512,trunc,1,1,4,0,0.73246,0.54251,0.10707
512,trunc,1,1,4,1,0.69898,0.54375,0.07983
512,satcomp,3,2,6,4,0.77104,0.75443,0.09632
512,satcomp,3,2,7,0,0.858,0.82024,0.06903
512,satcomp,3,2,7,1,0.85351,0.79157,0.07908
512,satcomp,3,2,7,2,0.7994,0.78484,0.11087
512,satcomp,3,2,2,0,0.32968,0.31788,0.08506
512,satcomp,3,2,2,1,0.30474,0.28671,0.09653
512,satcomp,3,2,2,2,0.43767,0.33957,0.11825
512,satcomp,3,2,2,3,0.48822,0.48566,0.10909
512,satcomp,3,2,5,1,0.72065,0.73149,0.1014
512,satcomp,3,2,5,2,0.78689,0.7629,0.08437
512,satcomp,3,2,5,3,0.75872,0.77512,0.07075
512,satcomp,3,2,5,4,0.77858,0.73573,0.0865
512,trunc,1,2,3,4,0.62387,0.61905,0.08991
512,trunc,1,2,4,0,0.64593,0.63575,0.11887
512,trunc,1,2,4,1,0.62769,0.6198,0.08064
512,trunc,1,2,4,2,0.69705,0.60534,0.08045
512,trunc,1,2,4,3,0.68439,0.67041,0.10463
512,trunc,1,2,4,4,0.69405,0.69933,0.08171
512,trunc,1,2,5,0,0.6241,0.53278,0.10275
512,trunc,1,2,5,1,0.7171,0.72974,0.11443
512,trunc,1,2,2,1,0.29659,0.29145,0.11444
512,trunc,1,2,2,2,0.40663,0.30416,0.10768
512,trunc,1,2,2,3,0.52525,0.51409,0.05445
512,trunc,1,2,2,4,0.49826,0.49115,0.10728
1024,exact,0,1,2,1,0.83752,0.73049,0.06033
1024,exact,0,1,2,2,0.83768,0.72974,0.08334
1024,exact,0,1,2,3,0.83939,0.74445,0.09545
1024,exact,0,1,2,4,0.7796,0.72476,0.11745
1024,exact,0,1,3,0,0.84419,0.75941,0.05057
1024,exact,0,1,3,1,0.83226,0.7472,0.07203
1024,exact,0,1,3,2,0.8284,0.75143,0.10419
1024,exact,0,1,3,3,0.81446,0.74819,0.13146
512,trunc,1,2,8,3,0.70077,0.70257,0.05907
512,trunc,1,2,8,4,0.68858,0.68611,0.07217
1024,exact,0,0,8,0,0.81782,0.8018,0.10646
1024,exact,0,1,2,0,0.84451,0.72949,0.05498
1024,exact,0,1,3,4,0.77455,0.72949,0.14693
1024,exact,0,1,4,0,0.82619,0.74769,0.08298
1024,exact,0,1,4,1,0.82395,0.75268,0.12923
1024,exact,0,1,4,2,0.79366,0.75642,0.14798
1024,exact,0,1,4,3,0.78546,0.76091,0.1495
1024,exact,0,1,4,4,0.75505,0.74296,0.13753
1024,exact,0,1,5,0,0.82586,0.75019,0.12666
1024,exact,0,1,5,1,0.79414,0.75093,0.16263
1024,exact,0,1,5,2,0.76983,0.75767,0.14158
1024,exact,0,1,5,3,0.76647,0.76091,0.13596
1024,exact,0,1,5,4,0.748,0.74196,0.14508
1024,exact,0,1,6,0,0.78355,0.75318,0.15914
1024,exact,0,1,7,0,0.76419,0.75093,0.15268
1024,exact,0,1,7,1,0.76938,0.74595,0.14483
1024,exact,0,1,7,2,0.76269,0.75567,0.14256
1024,exact,0,1,7,3,0.76264,0.76091,0.14103
1024,exact,0,1,7,4,0.748,0.74196,0.14508
1024,exact,0,1,8,0,0.76153,0.75093,0.15097
1024,exact,0,1,8,1,0.76938,0.74595,0.14483
1024,exact,0,1,8,2,0.76269,0.75567,0.14256
1024,exact,0,1,6,1,0.7738,0.74595,0.14647
1024,exact,0,1,6,2,0.76269,0.75567,0.14256
1024,exact,0,1,6,3,0.76264,0.76091,0.14103
1024,exact,0,1,6,4,0.748,0.74196,0.14508
512,trunc,1,2,3,0,0.40329,0.38669,0.07337
512,trunc,1,2,3,1,0.49418,0.48317,0.1271
512,trunc,1,2,3,2,0.51513,0.50386,0.14849
512,trunc,1,2,3,3,0.64127,0.58963,0.07537
1024,exact,0,1,8,3,0.76264,0.76091,0.14103
1024,exact,0,1,8,4,0.748,0.74196,0.14508
1024,exact,0,2,2,0,0.32736,0.31538,0.11756
1024,exact,0,2,2,1,0.31499,0.33084,0.0583
512,trunc,1,2,5,2,0.73586,0.70905,0.07674
512,trunc,1,2,5,3,0.7915,0.7831,0.08816
512,trunc,1,2,5,4,0.73639,0.73573,0.06983
512,trunc,1,2,6,0,0.74944,0.75318,0.09415
512,trunc,1,2,7,0,0.78883,0.73772,0.08526
512,trunc,1,2,7,1,0.76171,0.7467,0.06359
512,trunc,1,2,7,2,0.7388,0.73049,0.06236
512,trunc,1,2,7,3,0.68537,0.70282,0.06807
1024,exact,0,2,3,1,0.5426,0.453,0.1169
1024,exact,0,2,3,2,0.54806,0.6547,0.07324
1024,exact,0,2,3,3,0.62749,0.66318,0.0591
1024,exact,0,2,3,4,0.69431,0.71379,0.1034
1024,exact,0,2,2,2,0.40868,0.48168,0.11529
1024,exact,0,2,2,3,0.46416,0.52605,0.12071
1024,exact,0,2,2,4,0.55625,0.59013,0.09472
1024,exact,0,2,3,0,0.36811,0.33932,0.08747
512,trunc,1,2,7,4,0.69611,0.70132,0.07627
512,trunc,1,2,8,0,0.77144,0.75069,0.05532
512,trunc,1,2,8,1,0.69882,0.69883,0.07439
512,trunc,1,2,8,2,0.71048,0.66617,0.07709
1024,exact,0,2,4,4,0.78559,0.77711,0.09763
1024,exact,0,2,5,0,0.77986,0.81675,0.11158
1024,exact,0,2,5,1,0.79774,0.77736,0.08386
1024,exact,0,2,5,2,0.83754,0.79382,0.0564
512,trunc,1,2,6,1,0.79855,0.75318,0.08242
512,trunc,1,2,6,2,0.79111,0.74096,0.10046
512,trunc,1,2,6,3,0.73606,0.7255,0.1024
512,trunc,1,2,6,4,0.6939,0.68512,0.05777
1024,exact,0,2,8,0,0.86531,0.84268,0.06369
1024,exact,0,2,8,1,0.86349,0.80853,0.08946
1024,exact,0,2,8,2,0.83767,0.82149,0.09301
1024,exact,0,2,8,3,0.83339,0.80753,0.09083
1024,sampled,4,1,2,2,0.81248,0.68063,0.06925
1024,sampled,4,1,2,3,0.80195,0.68462,0.10113
1024,sampled,4,1,2,4,0.7782,0.65021,0.10812
1024,sampled,4,1,3,0,0.83306,0.73199,0.08249
1024,exact,0,2,7,1,0.8723,0.82598,0.06122
1024,exact,0,2,7,2,0.86867,0.81202,0.05959
1024,exact,0,2,7,3,0.83836,0.82124,0.09264
1024,exact,0,2,7,4,0.83644,0.82448,0.07388
1024,sampled,4,1,4,0,0.80845,0.73373,0.0965
1024,sampled,4,1,4,1,0.79174,0.7275,0.13934
1024,sampled,4,1,4,2,0.76389,0.726,0.13707
1024,sampled,4,1,4,3,0.73369,0.73049,0.14458
1024,sampled,4,1,4,4,0.71963,0.72177,0.13229
1024,sampled,4,1,5,0,0.79881,0.73099,0.1234
1024,sampled,4,1,5,1,0.77509,0.73722,0.15348
1024,sampled,4,1,5,2,0.73459,0.72775,0.14
1024,sampled,4,1,5,3,0.74528,0.74221,0.14475
1024,sampled,4,1,5,4,0.71711,0.71678,0.15249
1024,sampled,4,1,6,0,0.7658,0.73573,0.14763
1024,sampled,4,1,6,1,0.75012,0.7457,0.15714
1024,sampled,4,1,6,2,0.73492,0.73099,0.14489
1024,sampled,4,1,6,3,0.74173,0.74221,0.14288
1024,sampled,4,1,6,4,0.71711,0.71678,0.15249
1024,sampled,4,1,7,0,0.7254,0.73448,0.13296
1024,sampled,4,1,8,0,0.72451,0.73448,0.13244
1024,sampled,4,1,8,1,0.74483,0.7457,0.14932
1024,sampled,4,1,8,2,0.73492,0.73099,0.14489
1024,sampled,4,1,8,3,0.74173,0.74221,0.14288
1024,sampled,4,1,7,1,0.74483,0.7457,0.14932
1024,sampled,4,1,7,2,0.73492,0.73099,0.14489
1024,sampled,4,1,7,3,0.74173,0.74221,0.14288
1024,sampled,4,1,7,4,0.71711,0.71678,0.15249
1024,exact,0,2,8,4,0.81721,0.80853,0.09972
1024,sampled,4,0,8,0,0.7614,0.75069,0.09064
1024,sampled,4,1,2,0,0.83283,0.65395,0.07178
1024,sampled,4,1,2,1,0.83878,0.61057,0.06148
1024,exact,0,2,4,0,0.67098,0.44577,0.09392
1024,exact,0,2,4,1,0.71038,0.74994,0.15593
1024,exact,0,2,4,2,0.77189,0.72401,0.1107
1024,exact,0,2,4,3,0.74018,0.76639,0.09668
1024,exact,0,2,5,3,0.84702,0.78484,0.07433
1024,exact,0,2,5,4,0.82455,0.79407,0.07567
1024,exact,0,2,6,0,0.89259,0.85889,0.06917
1024,exact,0,2,6,1,0.83582,0.82747,0.10088
1024,sampled,4,1,8,4,0.71711,0.71678,0.15249
1024,sampled,4,2,2,0,0.32968,0.31788,0.08506
1024,sampled,4,2,2,1,0.31711,0.33508,0.08706
1024,sampled,4,2,2,2,0.40189,0.42009,0.13741
1024,sampled,4,1,3,1,0.82807,0.71379,0.08977
1024,sampled,4,1,3,2,0.81544,0.72226,0.10811
1024,sampled,4,1,3,3,0.78616,0.71454,0.12638
1024,sampled,4,1,3,4,0.74322,0.6906,0.14053
1024,exact,0,2,6,2,0.87129,0.84717,0.06222
1024,exact,0,2,6,3,0.83804,0.80952,0.10038
1024,exact,0,2,6,4,0.8339,0.7988,0.08394
1024,exact,0,2,7,0,0.89306,0.84966,0.07582
1024,sampled,4,2,3,2,0.52942,0.55871,0.17258
1024,sampled,4,2,3,3,0.63582,0.6532,0.10438
1024,sampled,4,2,3,4,0.72814,0.65445,0.07748
1024,sampled,4,2,4,0,0.62579,0.48666,0.11412
1024,sampled,4,2,2,3,0.45024,0.49738,0.06434
1024,sampled,4,2,2,4,0.5299,0.43306,0.09479
1024,sampled,4,2,3,0,0.37804,0.36649,0.09456
1024,sampled,4,2,3,1,0.43028,0.48766,0.1445
1024,satcomp,2,0,8,0,0.81953,0.80279,0.10581
1024,satcomp,2,1,2,0,0.84451,0.72974,0.05498
1024,satcomp,2,1,2,1,0.83752,0.73074,0.06033
1024,satcomp,2,1,2,2,0.83854,0.72949,0.0824
1024,sampled,4,2,6,3,0.77944,0.77786,0.10927
1024,sampled,4,2,6,4,0.77104,0.75443,0.09632
1024,sampled,4,2,7,0,0.858,0.82024,0.06903
1024,sampled,4,2,7,1,0.85351,0.79157,0.07908
1024,satcomp,2,1,2,3,0.83939,0.7447,0.09545
1024,satcomp,2,1,2,4,0.7796,0.72476,0.11745
1024,satcomp,2,1,3,0,0.84333,0.75817,0.05201
1024,satcomp,2,1,3,1,0.83226,0.7472,0.07203
1024,satcomp,2,1,3,2,0.8284,0.75143,0.10419
1024,satcomp,2,1,3,3,0.81446,0.74819,0.13146
1024,satcomp,2,1,3,4,0.77455,0.729,0.14693
1024,satcomp,2,1,4,0,0.82619,0.7472,0.08298
1024,satcomp,2,1,4,1,0.82309,0.75293,0.12987
1024,satcomp,2,1,4,2,0.79366,0.75617,0.14798
1024,satcomp,2,1,4,3,0.78632,0.76066,0.14916
1024,satcomp,2,1,4,4,0.75505,0.74271,0.13753
1024,satcomp,2,1,5,0,0.825,0.74994,0.12754
1024,satcomp,2,1,5,1,0.79414,0.75118,0.16263
1024,satcomp,2,1,5,2,0.76983,0.75742,0.14158
1024,satcomp,2,1,5,3,0.76546,0.76091,0.1368
1024,satcomp,2,1,5,4,0.74707,0.74196,0.14384
1024,satcomp,2,1,6,0,0.78254,0.75318,0.16044
1024,satcomp,2,1,6,1,0.7738,0.7462,0.14647
1024,satcomp,2,1,6,2,0.76269,0.75592,0.14256
1024,satcomp,2,1,6,3,0.76264,0.76091,0.14103
1024,satcomp,2,1,6,4,0.74707,0.74196,0.14384
1024,satcomp,2,1,7,0,0.76419,0.75093,0.15268
1024,satcomp,2,1,7,1,0.76938,0.7462,0.14483
1024,satcomp,2,1,7,2,0.76269,0.75592,0.14256
1024,satcomp,2,1,7,3,0.76264,0.76091,0.14103
1024,satcomp,2,1,7,4,0.74707,0.74196,0.14384
1024,satcomp,2,1,8,0,0.76153,0.75093,0.15097
1024,sampled,4,2,5,0,0.67158,0.57542,0.08631
1024,sampled,4,2,5,1,0.77147,0.73099,0.11563
1024,sampled,4,2,5,2,0.81529,0.74894,0.08419
1024,sampled,4,2,5,3,0.75872,0.77512,0.07075
1024,satcomp,2,1,8,1,0.76938,0.7462,0.14483
1024,satcomp,2,1,8,2,0.76269,0.75592,0.14256
1024,satcomp,2,1,8,3,0.76264,0.76091,0.14103
1024,satcomp,2,1,8,4,0.74707,0.74196,0.14384
1024,sampled,4,2,5,4,0.77858,0.73573,0.0865
1024,sampled,4,2,6,0,0.79722,0.82997,0.10931
1024,sampled,4,2,6,1,0.84941,0.83321,0.08201
1024,sampled,4,2,6,2,0.83818,0.80055,0.06058
1024,sampled,4,2,4,1,0.62577,0.68088,0.1575
1024,sampled,4,2,4,2,0.67318,0.69584,0.07859
1024,sampled,4,2,4,3,0.75356,0.70656,0.0458
1024,sampled,4,2,4,4,0.77658,0.75742,0.08522
1024,satcomp,2,2,2,0,0.34617,0.33558,0.12737
1024,satcomp,2,2,2,1,0.3292,0.30815,0.05664
1024,satcomp,2,2,2,2,0.40298,0.35976,0.09879
1024,satcomp,2,2,2,3,0.49078,0.51384,0.09961
1024,sampled,4,2,7,2,0.7994,0.78484,0.11087
1024,sampled,4,2,7,3,0.78881,0.78135,0.0948
1024,sampled,4,2,7,4,0.78798,0.7801,0.09132
1024,sampled,4,2,8,0,0.84462,0.79556,0.06433
1024,satcomp,2,2,2,4,0.50469,0.54874,0.09081
1024,satcomp,2,2,3,0,0.36816,0.41187,0.09512
1024,satcomp,2,2,3,1,0.49088,0.43032,0.07553
1024,satcomp,2,2,3,2,0.55605,0.53054,0.12786
1024,satcomp,2,2,4,2,0.69928,0.67988,0.04418
1024,satcomp,2,2,4,3,0.73544,0.70805,0.09019
1024,satcomp,2,2,4,4,0.75602,0.75243,0.10071
1024,satcomp,2,2,5,0,0.81472,0.80155,0.14231
1024,sampled,4,2,8,1,0.8272,0.7998,0.09578
1024,sampled,4,2,8,2,0.79888,0.75617,0.08496
1024,sampled,4,2,8,3,0.80186,0.78709,0.09077
1024,sampled,4,2,8,4,0.80346,0.75991,0.1011
1024,satcomp,3,1,2,0,0.84451,0.72949,0.05498
1024,satcomp,3,1,2,1,0.83752,0.73049,0.06033
1024,satcomp,3,1,2,2,0.83768,0.72974,0.08334
1024,satcomp,3,1,2,3,0.83939,0.74445,0.09545
1024,satcomp,2,2,6,4,0.84445,0.81376,0.08495
1024,satcomp,2,2,7,0,0.8993,0.84617,0.08227
1024,satcomp,2,2,7,1,0.86545,0.84243,0.05619
1024,satcomp,2,2,7,2,0.84603,0.81027,0.09837
1024,satcomp,2,2,8,2,0.85054,0.81027,0.08752
1024,satcomp,2,2,8,3,0.83741,0.82049,0.08462
1024,satcomp,2,2,8,4,0.82888,0.81526,0.09294
1024,satcomp,3,0,8,0,0.81782,0.8018,0.10646
1024,satcomp,3,1,3,3,0.81446,0.74819,0.13146
1024,satcomp,3,1,3,4,0.77455,0.72949,0.14693
1024,satcomp,3,1,4,0,0.82619,0.74769,0.08298
1024,satcomp,3,1,4,1,0.82395,0.75268,0.12923
1024,satcomp,3,1,4,2,0.79366,0.75642,0.14798
1024,satcomp,3,1,4,3,0.78546,0.76091,0.1495
1024,satcomp,3,1,4,4,0.75505,0.74296,0.13753
1024,satcomp,3,1,5,0,0.82586,0.75019,0.12666
1024,satcomp,3,1,6,0,0.78355,0.75318,0.15914
1024,satcomp,3,1,6,1,0.7738,0.74595,0.14647
1024,satcomp,3,1,6,2,0.76269,0.75567,0.14256
1024,satcomp,3,1,6,3,0.76264,0.76091,0.14103
1024,satcomp,3,1,5,1,0.79414,0.75093,0.16263
1024,satcomp,3,1,5,2,0.76983,0.75767,0.14158
1024,satcomp,3,1,5,3,0.76647,0.76091,0.13596
1024,satcomp,3,1,5,4,0.748,0.74196,0.14508
1024,satcomp,3,1,6,4,0.748,0.74196,0.14508
1024,satcomp,3,1,7,0,0.76419,0.75093,0.15268
1024,satcomp,3,1,7,1,0.76938,0.74595,0.14483
1024,satcomp,3,1,7,2,0.76269,0.75567,0.14256
1024,satcomp,3,1,2,4,0.7796,0.72476,0.11745
1024,satcomp,3,1,3,0,0.84419,0.75941,0.05057
1024,satcomp,3,1,3,1,0.83226,0.7472,0.07203
1024,satcomp,3,1,3,2,0.8284,0.75143,0.10419
1024,satcomp,3,1,7,3,0.76264,0.76091,0.14103
1024,satcomp,3,1,7,4,0.748,0.74196,0.14508
1024,satcomp,3,1,8,0,0.76153,0.75093,0.15097
1024,satcomp,3,1,8,1,0.76938,0.74595,0.14483
1024,satcomp,2,2,6,0,0.89414,0.84518,0.07852
1024,satcomp,2,2,6,1,0.86476,0.85814,0.07286
1024,satcomp,2,2,6,2,0.85166,0.83072,0.07277
1024,satcomp,2,2,6,3,0.8516,0.81252,0.07439
1024,satcomp,2,2,3,3,0.59614,0.5804,0.11203
1024,satcomp,2,2,3,4,0.65651,0.59162,0.07492
1024,satcomp,2,2,4,0,0.64079,0.46846,0.12051
1024,satcomp,2,2,4,1,0.63691,0.72102,0.09851
1024,satcomp,2,2,7,3,0.84921,0.79756,0.10215
1024,satcomp,2,2,7,4,0.84524,0.81426,0.07664
1024,satcomp,2,2,8,0,0.87763,0.84293,0.07805
1024,satcomp,2,2,8,1,0.86158,0.82349,0.06857
1024,satcomp,2,2,5,1,0.76326,0.70007,0.11645
1024,satcomp,2,2,5,2,0.79854,0.81626,0.07773
1024,satcomp,2,2,5,3,0.80297,0.80404,0.04477
1024,satcomp,2,2,5,4,0.84156,0.78983,0.07096
1024,satcomp,3,2,3,4,0.68546,0.67016,0.087
1024,satcomp,3,2,4,0,0.67098,0.44577,0.09392
1024,satcomp,3,2,4,1,0.64393,0.66293,0.09013
1024,satcomp,3,2,4,2,0.74548,0.75792,0.12159
1024,satcomp,3,2,2,1,0.28436,0.33907,0.11754
1024,satcomp,3,2,2,2,0.40217,0.41835,0.13824
1024,satcomp,3,2,2,3,0.49753,0.44951,0.08253
1024,satcomp,3,2,2,4,0.61729,0.64622,0.10433
1024,satcomp,3,1,8,2,0.76269,0.75567,0.14256
1024,satcomp,3,1,8,3,0.76264,0.76091,0.14103
1024,satcomp,3,1,8,4,0.748,0.74196,0.14508
1024,satcomp,3,2,2,0,0.3102,0.30541,0.12389
1024,satcomp,3,2,7,4,0.83644,0.82448,0.07388
1024,satcomp,3,2,8,0,0.86531,0.84268,0.06369
1024,satcomp,3,2,8,1,0.86349,0.80853,0.08946
1024,satcomp,3,2,8,2,0.83767,0.82149,0.09301
1024,satcomp,3,2,8,3,0.83339,0.80753,0.09083
1024,satcomp,3,2,8,4,0.81721,0.80853,0.09972
1024,trunc,1,0,8,0,0.66717,0.65694,0.04224
1024,trunc,1,1,2,0,0.83344,0.60284,0.06614
1024,trunc,1,1,3,0,0.83428,0.638,0.07184
1024,trunc,1,1,3,1,0.79597,0.61481,0.11149
1024,trunc,1,1,3,2,0.79111,0.64024,0.10968
1024,trunc,1,1,3,3,0.78276,0.62378,0.08696
1024,trunc,1,1,3,4,0.70011,0.60558,0.09314
1024,trunc,1,1,4,0,0.81197,0.60334,0.1002
1024,trunc,1,1,4,1,0.75996,0.60858,0.10273
1024,trunc,1,1,4,2,0.72898,0.62154,0.08734
1024,trunc,1,1,4,3,0.69539,0.62603,0.0842
1024,trunc,1,1,4,4,0.66011,0.6183,0.09062
1024,trunc,1,1,5,0,0.75967,0.6188,0.06781
1024,trunc,1,1,5,1,0.71478,0.62478,0.09142
1024,trunc,1,1,5,2,0.66711,0.62329,0.11569
1024,trunc,1,1,5,3,0.66242,0.63101,0.0933
1024,trunc,1,1,5,4,0.64619,0.61032,0.08744
1024,trunc,1,1,6,0,0.70402,0.62802,0.09265
1024,trunc,1,1,7,0,0.65105,0.62678,0.0879
1024,trunc,1,1,7,1,0.65205,0.62354,0.09498
1024,trunc,1,1,7,2,0.66204,0.63101,0.09986
1024,trunc,1,1,7,3,0.66154,0.63101,0.09235
1024,trunc,1,1,6,1,0.66043,0.62354,0.09568
1024,trunc,1,1,6,2,0.66204,0.63101,0.09986
1024,trunc,1,1,6,3,0.66154,0.63101,0.09235
1024,trunc,1,1,6,4,0.64619,0.61032,0.08744
1024,satcomp,3,2,7,0,0.89306,0.84966,0.07582
1024,satcomp,3,2,7,1,0.8723,0.82598,0.06122
1024,satcomp,3,2,7,2,0.86867,0.81202,0.05959
1024,satcomp,3,2,7,3,0.83836,0.82124,0.09264
1024,satcomp,3,2,4,3,0.76974,0.73398,0.09598
1024,satcomp,3,2,4,4,0.7937,0.78808,0.08188
1024,satcomp,3,2,5,0,0.77986,0.81675,0.11158
1024,satcomp,3,2,5,1,0.81291,0.79781,0.07765
1024,satcomp,3,2,3,0,0.36811,0.33932,0.08747
1024,satcomp,3,2,3,1,0.55538,0.4004,0.14324
1024,satcomp,3,2,3,2,0.62364,0.54799,0.11659
1024,satcomp,3,2,3,3,0.66806,0.60509,0.07434
1024,trunc,1,1,2,1,0.7956,0.62727,0.09496
1024,trunc,1,1,2,2,0.79517,0.63949,0.08992
1024,trunc,1,1,2,3,0.81668,0.67814,0.08047
1024,trunc,1,1,2,4,0.77145,0.60234,0.08273
1024,trunc,1,1,7,4,0.64619,0.61032,0.08744
1024,trunc,1,1,8,0,0.64839,0.62678,0.08712
1024,trunc,1,1,8,1,0.65205,0.62354,0.09498
1024,trunc,1,1,8,2,0.66204,0.63101,0.09986
1024,satcomp,3,2,5,2,0.83754,0.79382,0.0564
1024,satcomp,3,2,5,3,0.84702,0.78484,0.07433
1024,satcomp,3,2,5,4,0.82455,0.79407,0.07567
1024,satcomp,3,2,6,0,0.89259,0.85889,0.06917
1024,satcomp,3,2,6,1,0.83582,0.82747,0.10088
1024,satcomp,3,2,6,2,0.87129,0.84717,0.06222
1024,satcomp,3,2,6,3,0.83804,0.80952,0.10038
1024,satcomp,3,2,6,4,0.8339,0.7988,0.08394
1024,trunc,1,1,8,3,0.66154,0.63101,0.09235
1024,trunc,1,1,8,4,0.64619,0.61032,0.08744
1024,trunc,1,2,2,0,0.33744,0.31164,0.11545
1024,trunc,1,2,2,1,0.28942,0.27998,0.07644
1024,trunc,1,2,5,3,0.79356,0.79257,0.07225
1024,trunc,1,2,5,4,0.81772,0.77287,0.07985
1024,trunc,1,2,6,0,0.81438,0.78933,0.05188
1024,trunc,1,2,6,1,0.81429,0.7993,0.08069
1024,trunc,1,2,8,4,0.76061,0.73448,0.06441
2048,exact,0,0,8,0,0.87046,0.85864,0.08827
2048,exact,0,1,2,0,0.85635,0.7644,0.05161
2048,exact,0,1,2,1,0.85901,0.75143,0.0591
1024,trunc,1,2,8,0,0.80822,0.79806,0.06795
1024,trunc,1,2,8,1,0.78388,0.73398,0.05546
1024,trunc,1,2,8,2,0.75836,0.73947,0.0675
1024,trunc,1,2,8,3,0.75483,0.72226,0.07688
1024,trunc,1,2,4,0,0.64241,0.60309,0.10805
1024,trunc,1,2,4,1,0.6201,0.69534,0.09429
1024,trunc,1,2,4,2,0.71342,0.66617,0.08722
1024,trunc,1,2,4,3,0.75765,0.75418,0.0918
1024,trunc,1,2,4,4,0.78379,0.7821,0.08105
1024,trunc,1,2,5,0,0.62233,0.49564,0.1007
1024,trunc,1,2,5,1,0.74248,0.77961,0.11735
1024,trunc,1,2,5,2,0.78587,0.76589,0.09394
1024,trunc,1,2,6,2,0.81967,0.82049,0.07891
1024,trunc,1,2,6,3,0.79581,0.76116,0.06866
1024,trunc,1,2,6,4,0.77239,0.74769,0.10981
1024,trunc,1,2,7,0,0.8311,0.80229,0.07343
1024,trunc,1,2,3,1,0.50863,0.4717,0.05856
1024,trunc,1,2,3,2,0.68077,0.61207,0.10817
1024,trunc,1,2,3,3,0.62961,0.61406,0.07752
1024,trunc,1,2,3,4,0.7018,0.70057,0.07836
1024,trunc,1,2,2,2,0.38563,0.41685,0.07001
1024,trunc,1,2,2,3,0.50159,0.57292,0.10924
1024,trunc,1,2,2,4,0.55988,0.55871,0.11929
1024,trunc,1,2,3,0,0.40345,0.362,0.09772
1024,trunc,1,2,7,1,0.80132,0.79731,0.05348
1024,trunc,1,2,7,2,0.78042,0.76864,0.08809
1024,trunc,1,2,7,3,0.74203,0.72999,0.06928
1024,trunc,1,2,7,4,0.73485,0.72476,0.0611
2048,exact,0,1,2,2,0.86039,0.7629,0.07205
2048,exact,0,1,2,3,0.84549,0.75517,0.09206
2048,exact,0,1,2,4,0.81349,0.77063,0.10957
2048,exact,0,1,3,0,0.85853,0.78908,0.06435
2048,exact,0,1,8,0,0.78643,0.77487,0.14728
2048,exact,0,1,8,1,0.79119,0.77537,0.14688
2048,exact,0,1,8,2,0.80052,0.77836,0.14999
2048,exact,0,1,8,3,0.79148,0.77612,0.14568
2048,exact,0,1,3,1,0.85062,0.77736,0.06889
2048,exact,0,1,3,2,0.84096,0.77562,0.10117
2048,exact,0,1,3,3,0.81577,0.77387,0.14816
2048,exact,0,1,3,4,0.79222,0.77661,0.16352
2048,exact,0,1,4,0,0.84162,0.76963,0.08249
2048,exact,0,1,4,1,0.84833,0.76814,0.11772
2048,exact,0,1,4,2,0.80368,0.78459,0.17044
2048,exact,0,1,4,3,0.80649,0.77661,0.14806
2048,exact,0,1,7,1,0.79119,0.77537,0.14688
2048,exact,0,1,7,2,0.80052,0.77836,0.14999
2048,exact,0,1,7,3,0.79148,0.77612,0.14568
2048,exact,0,1,7,4,0.7865,0.77088,0.15262
2048,exact,0,1,5,3,0.79224,0.77562,0.14771
2048,exact,0,1,5,4,0.7865,0.77088,0.15262
2048,exact,0,1,6,0,0.80246,0.77537,0.17319
2048,exact,0,1,6,1,0.7943,0.77512,0.15873
2048,exact,0,1,4,4,0.80734,0.7806,0.15664
2048,exact,0,1,5,0,0.83618,0.77836,0.13882
2048,exact,0,1,5,1,0.80575,0.77587,0.16778
2048,exact,0,1,5,2,0.8048,0.77836,0.15287
2048,exact,0,1,8,4,0.7865,0.77088,0.15262
2048,exact,0,2,2,0,0.32725,0.31937,0.11926
2048,exact,0,2,2,1,0.35511,0.3286,0.10015
2048,exact,0,2,2,2,0.43071,0.38719,0.10683
2048,exact,0,2,5,0,0.88423,0.8367,0.0902
2048,exact,0,2,5,1,0.81213,0.81177,0.1034
2048,exact,0,2,5,2,0.84976,0.83495,0.10041
2048,exact,0,2,5,3,0.87355,0.84094,0.06783
2048,exact,0,1,6,2,0.80052,0.77836,0.14999
2048,exact,0,1,6,3,0.79148,0.77612,0.14568
2048,exact,0,1,6,4,0.7865,0.77088,0.15262
2048,exact,0,1,7,0,0.78998,0.77487,0.14954
2048,exact,0,2,6,3,0.88921,0.83495,0.06797
2048,exact,0,2,6,4,0.86548,0.83919,0.07482
2048,exact,0,2,7,0,0.90406,0.86537,0.05547
2048,exact,0,2,7,1,0.88827,0.83695,0.07456
2048,exact,0,2,7,2,0.88117,0.85789,0.1001
2048,exact,0,2,7,3,0.89527,0.8539,0.06839
2048,exact,0,2,7,4,0.85144,0.84518,0.09043
2048,exact,0,2,8,0,0.90881,0.86437,0.07594
2048,sampled,4,1,2,3,0.83939,0.74445,0.09545
2048,sampled,4,1,2,4,0.7796,0.72476,0.11745
2048,sampled,4,1,3,0,0.84419,0.75941,0.05057
2048,sampled,4,1,3,1,0.83226,0.7472,0.07203
2048,exact,0,2,8,1,0.88368,0.85515,0.07245
2048,exact,0,2,8,2,0.86896,0.84792,0.07828
2048,exact,0,2,8,3,0.87697,0.83495,0.09135
2048,exact,0,2,8,4,0.85347,0.84169,0.09316
2048,sampled,4,1,3,2,0.8284,0.75143,0.10419
2048,sampled,4,1,3,3,0.81446,0.74819,0.13146
2048,sampled,4,1,3,4,0.77455,0.72949,0.14693
2048,sampled,4,1,4,0,0.82619,0.74769,0.08298
2048,sampled,4,0,8,0,0.82986,0.817,0.09851
2048,sampled,4,1,2,0,0.84451,0.72949,0.05498
2048,sampled,4,1,2,1,0.83752,0.73049,0.06033
2048,sampled,4,1,2,2,0.83768,0.72974,0.08334
2048,sampled,4,1,5,0,0.82586,0.75019,0.12666
2048,sampled,4,1,5,1,0.79414,0.75093,0.16263
2048,sampled,4,1,5,2,0.76983,0.75767,0.14158
2048,sampled,4,1,5,3,0.76647,0.76091,0.13596
2048,sampled,4,1,4,1,0.82395,0.75268,0.12923
2048,sampled,4,1,4,2,0.79366,0.75642,0.14798
2048,sampled,4,1,4,3,0.78546,0.76091,0.1495
2048,sampled,4,1,4,4,0.75505,0.74296,0.13753
2048,exact,0,2,2,3,0.50821,0.52705,0.09812
2048,exact,0,2,2,4,0.59723,0.53478,0.07363
2048,exact,0,2,3,0,0.36358,0.38968,0.0825
2048,exact,0,2,3,1,0.51559,0.45974,0.11195
2048,exact,0,2,5,4,0.86335,0.83595,0.08955
2048,exact,0,2,6,0,0.91271,0.86736,0.07813
2048,exact,0,2,6,1,0.88739,0.84293,0.06829
2048,exact,0,2,6,2,0.89973,0.86537,0.06152
2048,sampled,4,1,5,4,0.748,0.74196,0.14508
2048,sampled,4,1,6,0,0.78355,0.75318,0.15914
2048,sampled,4,1,6,1,0.7738,0.74595,0.14647
2048,sampled,4,1,6,2,0.76269,0.75567,0.14256
2048,sampled,4,1,7,2,0.76269,0.75567,0.14256
2048,sampled,4,1,7,3,0.76264,0.76091,0.14103
2048,sampled,4,1,7,4,0.748,0.74196,0.14508
2048,sampled,4,1,8,0,0.76153,0.75093,0.15097
2048,sampled,4,1,8,1,0.76938,0.74595,0.14483
2048,sampled,4,1,8,2,0.76269,0.75567,0.14256
2048,sampled,4,1,8,3,0.76264,0.76091,0.14103
2048,sampled,4,1,8,4,0.748,0.74196,0.14508
2048,exact,0,2,3,2,0.64847,0.62977,0.15772
2048,exact,0,2,3,3,0.73137,0.65221,0.12434
2048,exact,0,2,3,4,0.76493,0.69783,0.12659
2048,exact,0,2,4,0,0.67007,0.5814,0.10541
2048,exact,0,2,4,1,0.68253,0.64722,0.11954
2048,exact,0,2,4,2,0.69947,0.69434,0.07356
2048,exact,0,2,4,3,0.80374,0.78758,0.07109
2048,exact,0,2,4,4,0.84492,0.82997,0.0796
2048,sampled,4,2,4,2,0.77189,0.72401,0.1107
2048,sampled,4,2,4,3,0.74018,0.76639,0.09668
2048,sampled,4,2,4,4,0.78559,0.77711,0.09763
2048,sampled,4,2,5,0,0.77986,0.81675,0.11158
2048,sampled,4,2,3,3,0.62749,0.66318,0.0591
2048,sampled,4,2,3,4,0.69431,0.71379,0.1034
2048,sampled,4,2,4,0,0.67098,0.44577,0.09392
2048,sampled,4,2,4,1,0.71038,0.74994,0.15593
2048,sampled,4,2,5,1,0.79774,0.77736,0.08386
2048,sampled,4,2,5,2,0.83754,0.79382,0.0564
2048,sampled,4,2,5,3,0.84702,0.78484,0.07433
2048,sampled,4,2,5,4,0.82455,0.79407,0.07567
2048,sampled,4,1,6,3,0.76264,0.76091,0.14103
2048,sampled,4,1,6,4,0.748,0.74196,0.14508
2048,sampled,4,1,7,0,0.76419,0.75093,0.15268
2048,sampled,4,1,7,1,0.76938,0.74595,0.14483
2048,satcomp,2,1,2,0,0.85635,0.76415,0.05161
2048,satcomp,2,1,2,1,0.85901,0.75193,0.0591
2048,satcomp,2,1,2,2,0.86039,0.76315,0.07205
2048,satcomp,2,1,2,3,0.84549,0.75517,0.09206
2048,sampled,4,2,7,3,0.83836,0.82124,0.09264
2048,sampled,4,2,7,4,0.83644,0.82448,0.07388
2048,sampled,4,2,8,0,0.86531,0.84268,0.06369
2048,sampled,4,2,8,1,0.86349,0.80853,0.08946
2048,sampled,4,2,8,2,0.83767,0.82149,0.09301
2048,sampled,4,2,8,3,0.83339,0.80753,0.09083
2048,sampled,4,2,8,4,0.81721,0.80853,0.09972
2048,satcomp,2,0,8,0,0.87134,0.85889,0.08866
2048,satcomp,2,1,4,2,0.80368,0.78409,0.17044
2048,satcomp,2,1,4,3,0.80649,0.77636,0.14806
2048,satcomp,2,1,4,4,0.80734,0.7806,0.15664
2048,satcomp,2,1,5,0,0.83618,0.77836,0.13882
2048,sampled,4,2,2,0,0.32736,0.31538,0.11756
2048,sampled,4,2,2,1,0.31499,0.33084,0.0583
2048,sampled,4,2,2,2,0.40868,0.48168,0.11529
2048,sampled,4,2,2,3,0.46416,0.52605,0.12071
2048,satcomp,2,1,5,1,0.80575,0.77587,0.16778
2048,satcomp,2,1,5,2,0.80378,0.77836,0.15388
2048,satcomp,2,1,5,3,0.79224,0.77562,0.14771
2048,satcomp,2,1,5,4,0.7865,0.77088,0.15262
2048,satcomp,2,1,6,0,0.80246,0.77537,0.17319
2048,satcomp,2,1,6,1,0.7943,0.77512,0.15873
2048,satcomp,2,1,6,2,0.80052,0.77836,0.14999
2048,satcomp,2,1,6,3,0.79046,0.77587,0.14673
2048,sampled,4,2,6,0,0.89259,0.85889,0.06917
2048,sampled,4,2,6,1,0.83582,0.82747,0.10088
2048,sampled,4,2,6,2,0.87129,0.84717,0.06222
2048,sampled,4,2,6,3,0.83804,0.80952,0.10038
2048,satcomp,2,1,2,4,0.81451,0.76988,0.10897
2048,satcomp,2,1,3,0,0.85939,0.78908,0.06327
2048,satcomp,2,1,3,1,0.84977,0.77736,0.07003
2048,satcomp,2,1,3,2,0.84096,0.77562,0.10117
2048,satcomp,2,1,6,4,0.7865,0.77088,0.15262
2048,satcomp,2,1,7,0,0.79099,0.77487,0.14801
2048,satcomp,2,1,7,1,0.79018,0.77537,0.14801
2048,satcomp,2,1,7,2,0.80052,0.77836,0.14999
2048,satcomp,2,1,3,3,0.81491,0.77387,0.14903
2048,satcomp,2,1,3,4,0.79324,0.77636,0.1625
2048,satcomp,2,1,4,0,0.84162,0.76963,0.08249
2048,satcomp,2,1,4,1,0.84833,0.76814,0.11772
2048,satcomp,2,1,7,3,0.79046,0.77587,0.14673
2048,satcomp,2,1,7,4,0.7865,0.77088,0.15262
2048,satcomp,2,1,8,0,0.78745,0.77487,0.14575
2048,satcomp,2,1,8,1,0.79018,0.77537,0.14801
2048,sampled,4,2,6,4,0.8339,0.7988,0.08394
2048,sampled,4,2,7,0,0.89306,0.84966,0.07582
2048,sampled,4,2,7,1,0.8723,0.82598,0.06122
2048,sampled,4,2,7,2,0.86867,0.81202,0.05959
2048,satcomp,2,1,8,2,0.80052,0.77836,0.14999
2048,satcomp,2,1,8,3,0.79046,0.77587,0.14673
2048,satcomp,2,1,8,4,0.7865,0.77088,0.15262
2048,satcomp,2,2,2,0,0.31885,0.34131,0.11066
2048,sampled,4,2,2,4,0.55625,0.59013,0.09472
2048,sampled,4,2,3,0,0.36811,0.33932,0.08747
2048,sampled,4,2,3,1,0.5426,0.453,0.1169
2048,sampled,4,2,3,2,0.54806,0.6547,0.07324
2048,satcomp,2,2,5,2,0.82922,0.84169,0.10783
2048,satcomp,2,2,5,3,0.85775,0.82448,0.08516
2048,satcomp,2,2,5,4,0.87567,0.85739,0.0825
2048,satcomp,2,2,6,0,0.91849,0.88133,0.07425
2048,satcomp,2,2,3,4,0.67003,0.6734,0.06609
2048,satcomp,2,2,4,0,0.73402,0.53752,0.08662
2048,satcomp,2,2,4,1,0.65708,0.65246,0.13325
2048,satcomp,2,2,4,2,0.69391,0.74221,0.09777
2048,satcomp,2,2,7,0,0.91651,0.85365,0.0658
2048,satcomp,2,2,7,1,0.88052,0.8554,0.073
2048,satcomp,2,2,7,2,0.86756,0.84941,0.07283
2048,satcomp,2,2,7,3,0.8762,0.84892,0.07224
2048,satcomp,3,1,3,0,0.85853,0.78908,0.06435
2048,satcomp,3,1,3,1,0.85062,0.77736,0.06889
2048,satcomp,3,1,3,2,0.84096,0.77562,0.10117
2048,satcomp,3,1,3,3,0.81577,0.77387,0.14816
2048,satcomp,2,2,8,3,0.88019,0.85016,0.0876
2048,satcomp,2,2,8,4,0.85628,0.83994,0.09768
2048,satcomp,3,0,8,0,0.87046,0.85864,0.08827
2048,satcomp,3,1,2,0,0.85635,0.7644,0.05161
2048,satcomp,3,1,2,1,0.85901,0.75143,0.0591
2048,satcomp,3,1,2,2,0.86039,0.7629,0.07205
2048,satcomp,3,1,2,3,0.84549,0.75517,0.09206
2048,satcomp,3,1,2,4,0.81349,0.77063,0.10957
2048,satcomp,3,1,3,4,0.79222,0.77661,0.16352
2048,satcomp,3,1,4,0,0.84162,0.76963,0.08249
2048,satcomp,3,1,4,1,0.84833,0.76814,0.11772
2048,satcomp,3,1,4,2,0.80368,0.78459,0.17044
2048,satcomp,3,1,4,3,0.80649,0.77661,0.14806
2048,satcomp,3,1,4,4,0.80734,0.7806,0.15664
2048,satcomp,3,1,5,0,0.83618,0.77836,0.13882
2048,satcomp,3,1,5,1,0.80575,0.77587,0.16778
2048,satcomp,3,1,6,1,0.7943,0.77512,0.15873
2048,satcomp,3,1,6,2,0.80052,0.77836,0.14999
2048,satcomp,3,1,6,3,0.79148,0.77612,0.14568
2048,satcomp,3,1,6,4,0.7865,0.77088,0.15262
2048,satcomp,3,1,7,0,0.78998,0.77487,0.14954
2048,satcomp,3,1,7,1,0.79119,0.77537,0.14688
2048,satcomp,3,1,7,2,0.80052,0.77836,0.14999
2048,satcomp,3,1,7,3,0.79148,0.77612,0.14568
2048,satcomp,2,2,4,3,0.80064,0.76689,0.08233
2048,satcomp,2,2,4,4,0.80051,0.78983,0.07491
2048,satcomp,2,2,5,0,0.88891,0.8554,0.08534
2048,satcomp,2,2,5,1,0.777,0.73099,0.10165
2048,satcomp,2,2,7,4,0.87144,0.84418,0.09595
2048,satcomp,2,2,8,0,0.91111,0.86163,0.0615
2048,satcomp,2,2,8,1,0.88962,0.85041,0.07777
2048,satcomp,2,2,8,2,0.87944,0.85066,0.07802
2048,satcomp,2,2,6,1,0.89406,0.86188,0.06617
2048,satcomp,2,2,6,2,0.90315,0.84792,0.05797
2048,satcomp,2,2,6,3,0.88546,0.85864,0.07176
2048,satcomp,2,2,6,4,0.88054,0.84592,0.07941
2048,satcomp,2,2,3,0,0.37643,0.39417,0.09163
2048,satcomp,2,2,3,1,0.55408,0.43406,0.11268
2048,satcomp,2,2,3,2,0.6295,0.50711,0.11611
2048,satcomp,2,2,3,3,0.67832,0.60982,0.07969
2048,satcomp,3,1,7,4,0.7865,0.77088,0.15262
2048,satcomp,3,1,8,0,0.78643,0.77487,0.14728
2048,satcomp,3,1,8,1,0.79119,0.77537,0.14688
2048,satcomp,3,1,8,2,0.80052,0.77836,0.14999
2048,satcomp,3,1,5,2,0.8048,0.77836,0.15287
2048,satcomp,3,1,5,3,0.79224,0.77562,0.14771
2048,satcomp,3,1,5,4,0.7865,0.77088,0.15262
2048,satcomp,3,1,6,0,0.80246,0.77537,0.17319
2048,satcomp,3,1,8,3,0.79148,0.77612,0.14568
2048,satcomp,3,1,8,4,0.7865,0.77088,0.15262
2048,satcomp,3,2,2,0,0.32725,0.31937,0.11926
2048,satcomp,3,2,2,1,0.31675,0.31314,0.06317
2048,satcomp,3,2,5,3,0.87355,0.84094,0.06783
2048,satcomp,3,2,5,4,0.86335,0.83595,0.08955
2048,satcomp,3,2,6,0,0.91271,0.86736,0.07813
2048,satcomp,3,2,6,1,0.88739,0.84293,0.06829
2048,satcomp,3,2,7,1,0.88827,0.83695,0.07456
2048,satcomp,3,2,7,2,0.88117,0.85789,0.1001
2048,satcomp,3,2,7,3,0.89527,0.8539,0.06839
2048,satcomp,3,2,7,4,0.85144,0.84518,0.09043
2048,satcomp,3,2,8,0,0.90881,0.86437,0.07594
2048,satcomp,3,2,8,1,0.88368,0.85515,0.07245
2048,satcomp,3,2,8,2,0.86896,0.84792,0.07828
2048,satcomp,3,2,8,3,0.87697,0.83495,0.09135
2048,satcomp,2,2,2,1,0.30783,0.32087,0.06062
2048,satcomp,2,2,2,2,0.36286,0.43505,0.13215
2048,satcomp,2,2,2,3,0.49997,0.53652,0.09816
2048,satcomp,2,2,2,4,0.57277,0.57268,0.06604
2048,satcomp,3,2,6,2,0.89973,0.86537,0.06152
2048,satcomp,3,2,6,3,0.88921,0.83495,0.06797
2048,satcomp,3,2,6,4,0.86548,0.83919,0.07482
2048,satcomp,3,2,7,0,0.90406,0.86537,0.05547
2048,trunc,1,1,2,2,0.84241,0.66692,0.07102
2048,trunc,1,1,2,3,0.83223,0.69658,0.08512
2048,trunc,1,1,2,4,0.79483,0.68287,0.08676
2048,trunc,1,1,3,0,0.84786,0.70057,0.06636
2048,trunc,1,1,3,1,0.83932,0.69559,0.089
2048,trunc,1,1,3,2,0.81691,0.68512,0.11322
2048,trunc,1,1,3,3,0.81273,0.67789,0.09607
2048,trunc,1,1,3,4,0.75251,0.67489,0.12158
2048,satcomp,3,2,4,4,0.83184,0.82324,0.08492
2048,satcomp,3,2,5,0,0.88423,0.8367,0.0902
2048,satcomp,3,2,5,1,0.82462,0.76265,0.12323
2048,satcomp,3,2,5,2,0.84976,0.83495,0.10041
2048,trunc,1,1,4,0,0.83872,0.66891,0.08906
2048,trunc,1,1,4,1,0.80461,0.67215,0.10196
2048,trunc,1,1,4,2,0.77783,0.67739,0.11477
2048,trunc,1,1,4,3,0.74737,0.67838,0.11668
2048,satcomp,3,2,4,0,0.67007,0.5814,0.10541
2048,satcomp,3,2,4,1,0.74387,0.72825,0.12644
2048,satcomp,3,2,4,2,0.77143,0.76465,0.07688
2048,satcomp,3,2,4,3,0.79544,0.80703,0.0506
2048,trunc,1,1,4,4,0.72752,0.67863,0.10828
2048,trunc,1,1,5,0,0.80621,0.67091,0.09503
2048,trunc,1,1,5,1,0.75048,0.67115,0.11124
2048,trunc,1,1,5,2,0.72222,0.67988,0.11691
2048,trunc,1,1,5,3,0.72893,0.68362,0.1079
2048,trunc,1,1,5,4,0.72281,0.67564,0.11395
2048,trunc,1,1,6,0,0.74214,0.67115,0.11476
2048,trunc,1,1,6,1,0.72271,0.66916,0.10131
2048,satcomp,3,2,8,4,0.85347,0.84169,0.09316
2048,trunc,1,0,8,0,0.75758,0.72825,0.0534
2048,trunc,1,1,2,0,0.84809,0.64647,0.05472
2048,trunc,1,1,2,1,0.8373,0.66642,0.07817
2048,trunc,1,1,7,1,0.71651,0.66941,0.10141
2048,trunc,1,1,7,2,0.71893,0.67863,0.10504
2048,trunc,1,1,7,3,0.72979,0.68337,0.10674
2048,trunc,1,1,7,4,0.72281,0.67564,0.11395
2048,satcomp,3,2,2,2,0.4109,0.39466,0.08187
2048,satcomp,3,2,2,3,0.4841,0.51184,0.10281
2048,satcomp,3,2,2,4,0.59763,0.55348,0.11377
2048,satcomp,3,2,3,0,0.36358,0.38968,0.0825
2048,satcomp,3,2,3,1,0.51012,0.59312,0.1168
2048,satcomp,3,2,3,2,0.60089,0.6188,0.10566
2048,satcomp,3,2,3,3,0.73178,0.77636,0.10722
2048,satcomp,3,2,3,4,0.7246,0.70282,0.06565
2048,trunc,1,1,8,0,0.71477,0.66966,0.09902
2048,trunc,1,1,8,1,0.71651,0.66941,0.10141
2048,trunc,1,1,8,2,0.71893,0.67863,0.10504
2048,trunc,1,1,8,3,0.72979,0.68337,0.10674
2048,trunc,1,1,6,2,0.71893,0.67863,0.10504
2048,trunc,1,1,6,3,0.72979,0.68337,0.10674
2048,trunc,1,1,6,4,0.72281,0.67564,0.11395
2048,trunc,1,1,7,0,0.71654,0.66966,0.10225
2048,trunc,1,1,8,4,0.72281,0.67564,0.11395
2048,trunc,1,2,2,0,0.32219,0.29245,0.11004
2048,trunc,1,2,2,1,0.28169,0.32959,0.08302
2048,trunc,1,2,2,2,0.35129,0.33458,0.08886
2048,trunc,1,2,5,0,0.83474,0.79157,0.13025
2048,trunc,1,2,5,1,0.8011,0.77263,0.12483
2048,trunc,1,2,5,2,0.83032,0.77911,0.10514
2048,trunc,1,2,5,3,0.84047,0.80329,0.07843
2048,trunc,1,2,4,1,0.70015,0.69658,0.12309
2048,trunc,1,2,4,2,0.76081,0.70007,0.10002
2048,trunc,1,2,4,3,0.77384,0.72326,0.11653
2048,trunc,1,2,4,4,0.83753,0.78958,0.0652
2048,trunc,1,2,3,2,0.5982,0.61082,0.12159
2048,trunc,1,2,3,3,0.67679,0.66018,0.08642
2048,trunc,1,2,3,4,0.73326,0.70406,0.12166
2048,trunc,1,2,4,0,0.65587,0.57841,0.06146
2048,trunc,1,2,5,4,0.85193,0.8185,0.06946
2048,trunc,1,2,6,0,0.88587,0.85116,0.06971
2048,trunc,1,2,6,1,0.87203,0.85216,0.09587
2048,trunc,1,2,6,2,0.87434,0.83371,0.08107
2048,trunc,1,2,2,3,0.51376,0.51134,0.13248
2048,trunc,1,2,2,4,0.61544,0.57043,0.1252
2048,trunc,1,2,3,0,0.37826,0.37896,0.06663
2048,trunc,1,2,3,1,0.55101,0.42408,0.11817
2048,trunc,1,2,8,1,0.7807,0.75318,0.05067
2048,trunc,1,2,8,2,0.80803,0.76589,0.06014
2048,trunc,1,2,8,3,0.78342,0.7811,0.05966
2048,trunc,1,2,8,4,0.77008,0.77088,0.07431
2048,trunc,1,2,6,3,0.85964,0.82423,0.06096
2048,trunc,1,2,6,4,0.78983,0.75792,0.06007
2048,trunc,1,2,7,0,0.87517,0.84966,0.06828
2048,trunc,1,2,7,1,0.86075,0.81675,0.06028
2048,trunc,1,2,7,2,0.83893,0.79332,0.07193
2048,trunc,1,2,7,3,0.82831,0.79083,0.06964
2048,trunc,1,2,7,4,0.7924,0.7654,0.08453
2048,trunc,1,2,8,0,0.8408,0.82149,0.08378
