D,variant,knob,learn,w,k,acc,acc_std
256,exact,0,1,5,0,0.6547,0.02261
256,exact,0,1,5,1,0.66343,0.01226
256,exact,0,1,5,2,0.64174,0.03363
256,exact,0,1,5,3,0.65694,0.03205
256,exact,0,1,6,3,0.65694,0.03205
256,exact,0,1,6,4,0.63675,0.02724
256,exact,0,1,7,0,0.66243,0.00935
256,exact,0,1,7,1,0.6532,0.03358
256,exact,0,0,8,0,0.66766,0.038
256,exact,0,1,2,0,0.6006,0.04163
256,exact,0,1,2,1,0.59038,0.05079
256,exact,0,1,2,2,0.62927,0.02476
256,exact,0,1,3,2,0.66966,0.03268
256,exact,0,1,3,3,0.65246,0.05427
256,exact,0,1,3,4,0.62304,0.02127
256,exact,0,1,4,0,0.65445,0.00912
256,exact,0,1,2,3,0.61456,0.09119
256,exact,0,1,2,4,0.56195,0.06944
256,exact,0,1,3,0,0.65819,0.0245
256,exact,0,1,3,1,0.67066,0.02059
256,exact,0,1,5,4,0.63675,0.02724
256,exact,0,1,6,0,0.66442,0.0111
256,exact,0,1,6,1,0.6532,0.03358
256,exact,0,1,6,2,0.64797,0.03896
256,exact,0,1,4,1,0.67115,0.02693
256,exact,0,1,4,2,0.66417,0.02799
256,exact,0,1,4,3,0.65395,0.01207
256,exact,0,1,4,4,0.63849,0.03927
256,exact,0,1,7,2,0.64797,0.03896
256,exact,0,1,7,3,0.65694,0.03205
256,exact,0,1,7,4,0.63675,0.02724
256,exact,0,1,8,0,0.66243,0.00935
256,exact,0,1,8,1,0.6532,0.03358
256,exact,0,1,8,2,0.64797,0.03896
256,exact,0,1,8,3,0.65694,0.03205
256,exact,0,1,8,4,0.63675,0.02724
256,exact,0,2,4,2,0.59935,0.04764
256,exact,0,2,4,3,0.65046,0.05353
256,exact,0,2,4,4,0.6921,0.01741
256,exact,0,2,5,0,0.59985,0.1227
256,exact,0,2,2,0,0.31488,0.06194
256,exact,0,2,2,1,0.30616,0.09283
256,exact,0,2,2,2,0.3999,0.04024
256,exact,0,2,2,3,0.42134,0.06197
256,exact,0,2,3,3,0.55024,0.04146
256,exact,0,2,3,4,0.59437,0.06533
256,exact,0,2,4,0,0.45201,0.01041
256,exact,0,2,4,1,0.60234,0.03032
256,exact,0,2,2,4,0.56619,0.02816
256,exact,0,2,3,0,0.38943,0.03066
256,exact,0,2,3,1,0.40115,0.02858
256,exact,0,2,3,2,0.54824,0.09868
256,exact,0,2,5,1,0.69559,0.07848
256,exact,0,2,5,2,0.70332,0.02414
256,exact,0,2,5,3,0.76141,0.01086
256,exact,0,2,5,4,0.728,0.02298
256,exact,0,2,6,0,0.67764,0.06717
256,exact,0,2,6,1,0.72825,0.04426
256,exact,0,2,6,2,0.75318,0.01331
256,exact,0,2,6,3,0.71005,0.012
256,exact,0,2,7,3,0.729,0.01966
256,exact,0,2,7,4,0.7078,0.03207
256,exact,0,2,8,0,0.71179,0.04796
256,exact,0,2,8,1,0.70905,0.05558
256,sampled,4,1,2,0,0.53129,0.06018
256,sampled,4,1,2,1,0.53628,0.07457
256,sampled,4,1,2,2,0.52082,0.06883
256,sampled,4,1,2,3,0.52007,0.11572
256,exact,0,2,6,4,0.68711,0.06226
256,exact,0,2,7,0,0.75019,0.00881
256,exact,0,2,7,1,0.72052,0.02596
256,exact,0,2,7,2,0.74919,0.01521
256,sampled,4,1,3,3,0.56146,0.10519
256,sampled,4,1,3,4,0.5455,0.06877
256,sampled,4,1,4,0,0.54525,0.0813
256,sampled,4,1,4,1,0.55497,0.0965
256,sampled,4,1,2,4,0.547,0.09061
256,sampled,4,1,3,0,0.55622,0.07237
256,sampled,4,1,3,1,0.5824,0.06751
256,sampled,4,1,3,2,0.59137,0.04846
256,sampled,4,1,4,2,0.57068,0.07576
256,sampled,4,1,4,3,0.57342,0.0481
256,sampled,4,1,4,4,0.5637,0.074
256,sampled,4,1,5,0,0.55148,0.08153
256,sampled,4,1,6,4,0.56021,0.07625
256,sampled,4,1,7,0,0.54924,0.07945
256,sampled,4,1,7,1,0.56171,0.08136
256,sampled,4,1,7,2,0.55996,0.07925
256,sampled,4,1,5,1,0.55647,0.08797
256,sampled,4,1,5,2,0.56096,0.07903
256,sampled,4,1,5,3,0.55323,0.0676
256,sampled,4,1,5,4,0.56021,0.07625
256,sampled,4,1,6,0,0.54899,0.07973
256,sampled,4,1,6,1,0.56171,0.08136
256,sampled,4,1,6,2,0.55996,0.07925
256,sampled,4,1,6,3,0.55323,0.0676
256,exact,0,2,8,2,0.70855,0.04801
256,exact,0,2,8,3,0.7088,0.03695
256,exact,0,2,8,4,0.72999,0.03268
256,sampled,4,0,8,0,0.55647,0.03238
256,sampled,4,1,7,3,0.55323,0.0676
256,sampled,4,1,7,4,0.56021,0.07625
256,sampled,4,1,8,0,0.54924,0.07945
256,sampled,4,1,8,1,0.56171,0.08136
256,sampled,4,1,8,2,0.55996,0.07925
256,sampled,4,1,8,3,0.55323,0.0676
256,sampled,4,1,8,4,0.56021,0.07625
256,sampled,4,2,2,0,0.34131,0.03729
256,sampled,4,2,3,0,0.38095,0.03721
256,sampled,4,2,3,1,0.46622,0.10659
256,sampled,4,2,3,2,0.46098,0.05672
256,sampled,4,2,3,3,0.54176,0.01675
256,sampled,4,2,4,3,0.56046,0.00708
256,sampled,4,2,4,4,0.58015,0.0131
256,sampled,4,2,5,0,0.54849,0.06853
256,sampled,4,2,5,1,0.64697,0.00532
256,sampled,4,2,6,1,0.65221,0.05222
256,sampled,4,2,6,2,0.66118,0.04661
256,sampled,4,2,6,3,0.64971,0.01914
256,sampled,4,2,6,4,0.62877,0.05479
256,sampled,4,2,3,4,0.50386,0.02206
256,sampled,4,2,4,0,0.51808,0.03027
256,sampled,4,2,4,1,0.50586,0.05894
256,sampled,4,2,4,2,0.56894,0.04794
256,sampled,4,2,7,0,0.64273,0.04513
256,sampled,4,2,7,1,0.62703,0.02154
256,sampled,4,2,7,2,0.63899,0.01583
256,sampled,4,2,7,3,0.67664,0.03057
256,sampled,4,2,5,2,0.63351,0.0106
256,sampled,4,2,5,3,0.6173,0.04585
256,sampled,4,2,5,4,0.65295,0.0382
256,sampled,4,2,6,0,0.55448,0.09543
256,satcomp,2,1,3,0,0.65844,0.0246
256,satcomp,2,1,3,1,0.67091,0.02063
256,satcomp,2,1,3,2,0.66916,0.03267
256,satcomp,2,1,3,3,0.65171,0.05427
256,satcomp,2,1,3,4,0.62304,0.02127
256,satcomp,2,1,4,0,0.6537,0.00924
256,satcomp,2,1,4,1,0.6714,0.02726
256,satcomp,2,1,4,2,0.66392,0.02772
256,satcomp,2,1,4,3,0.6537,0.01165
256,satcomp,2,1,4,4,0.63849,0.03927
256,satcomp,2,1,5,0,0.6537,0.02201
256,satcomp,2,1,5,1,0.66318,0.01205
256,satcomp,2,1,2,1,0.59038,0.05079
256,satcomp,2,1,2,2,0.62877,0.02481
256,satcomp,2,1,2,3,0.61406,0.09052
256,satcomp,2,1,2,4,0.56096,0.06965
256,sampled,4,2,8,3,0.56943,0.05964
256,sampled,4,2,8,4,0.62553,0.06395
256,satcomp,2,0,8,0,0.66642,0.03926
256,satcomp,2,1,2,0,0.59885,0.03996
256,sampled,4,2,2,1,0.40588,0.08067
256,sampled,4,2,2,2,0.32885,0.08148
256,sampled,4,2,2,3,0.4176,0.08383
256,sampled,4,2,2,4,0.41785,0.03267
256,satcomp,2,1,6,1,0.65295,0.03343
256,satcomp,2,1,6,2,0.64747,0.03867
256,satcomp,2,1,6,3,0.6562,0.03186
256,satcomp,2,1,6,4,0.63675,0.02724
256,satcomp,2,1,5,2,0.64124,0.0332
256,satcomp,2,1,5,3,0.6562,0.03186
256,satcomp,2,1,5,4,0.63675,0.02724
256,satcomp,2,1,6,0,0.66367,0.01086
256,satcomp,2,1,7,0,0.66093,0.00829
256,satcomp,2,1,7,1,0.65295,0.03343
256,satcomp,2,1,7,2,0.64747,0.03867
256,satcomp,2,1,7,3,0.6562,0.03186
256,satcomp,2,1,7,4,0.63675,0.02724
256,satcomp,2,1,8,0,0.66093,0.00829
256,satcomp,2,1,8,1,0.65295,0.03343
256,satcomp,2,1,8,2,0.64747,0.03867
256,sampled,4,2,7,4,0.63376,0.05379
256,sampled,4,2,8,0,0.67963,0.01228
256,sampled,4,2,8,1,0.66343,0.02279
256,sampled,4,2,8,2,0.63725,0.04598
256,satcomp,2,1,8,3,0.6562,0.03186
256,satcomp,2,1,8,4,0.63675,0.02724
256,satcomp,2,2,2,0,0.32959,0.06025
256,satcomp,2,2,2,1,0.33957,0.02819
256,satcomp,2,2,4,4,0.66417,0.03534
256,satcomp,2,2,5,0,0.48517,0.12379
256,satcomp,2,2,5,1,0.56819,0.0625
256,satcomp,2,2,5,2,0.66966,0.00797
256,satcomp,2,2,4,0,0.53204,0.05345
256,satcomp,2,2,4,1,0.51409,0.08876
256,satcomp,2,2,4,2,0.62902,0.00846
256,satcomp,2,2,4,3,0.59661,0.03424
256,satcomp,2,2,5,3,0.68013,0.03003
256,satcomp,2,2,5,4,0.70107,0.00935
256,satcomp,2,2,6,0,0.66766,0.06371
256,satcomp,2,2,6,1,0.70855,0.03466
256,satcomp,2,2,2,2,0.38743,0.04861
256,satcomp,2,2,2,3,0.34081,0.06962
256,satcomp,2,2,2,4,0.43455,0.07586
256,satcomp,2,2,3,0,0.34306,0.04127
256,satcomp,2,2,8,4,0.68861,0.0226
256,satcomp,3,0,8,0,0.66766,0.038
256,satcomp,3,1,2,0,0.6006,0.04163
256,satcomp,3,1,2,1,0.59038,0.05079
256,satcomp,2,2,3,1,0.47794,0.0198
256,satcomp,2,2,3,2,0.44652,0.09246
256,satcomp,2,2,3,3,0.47694,0.04172
256,satcomp,2,2,3,4,0.47569,0.03244
256,satcomp,2,2,6,2,0.73972,0.00461
256,satcomp,2,2,6,3,0.69359,0.05071
256,satcomp,2,2,6,4,0.70905,0.02981
256,satcomp,2,2,7,0,0.77437,0.02089
256,satcomp,2,2,8,0,0.75143,0.03752
256,satcomp,2,2,8,1,0.68736,0.04105
256,satcomp,2,2,8,2,0.68237,0.04221
256,satcomp,2,2,8,3,0.69384,0.01041
256,satcomp,3,1,2,2,0.62927,0.02476
256,satcomp,3,1,2,3,0.61456,0.09119
256,satcomp,3,1,2,4,0.56195,0.06944
256,satcomp,3,1,3,0,0.65819,0.0245
256,satcomp,2,2,7,1,0.74221,0.02244
256,satcomp,2,2,7,2,0.70855,0.06309
256,satcomp,2,2,7,3,0.68088,0.03157
256,satcomp,2,2,7,4,0.67614,0.04066
256,satcomp,3,1,4,4,0.63849,0.03927
256,satcomp,3,1,5,0,0.6547,0.02261
256,satcomp,3,1,5,1,0.66343,0.01226
256,satcomp,3,1,5,2,0.64174,0.03363
256,satcomp,3,1,4,0,0.65445,0.00912
256,satcomp,3,1,4,1,0.67115,0.02693
256,satcomp,3,1,4,2,0.66417,0.02799
256,satcomp,3,1,4,3,0.65395,0.01207
256,satcomp,3,1,3,1,0.67066,0.02059
256,satcomp,3,1,3,2,0.66966,0.03268
256,satcomp,3,1,3,3,0.65246,0.05427
256,satcomp,3,1,3,4,0.62304,0.02127
256,satcomp,3,1,5,3,0.65694,0.03205
256,satcomp,3,1,5,4,0.63675,0.02724
256,satcomp,3,1,6,0,0.66442,0.0111
256,satcomp,3,1,6,1,0.6532,0.03358
256,satcomp,3,1,6,2,0.64797,0.03896
256,satcomp,3,1,6,3,0.65694,0.03205
256,satcomp,3,1,6,4,0.63675,0.02724
256,satcomp,3,1,7,0,0.66243,0.00935
256,satcomp,3,1,8,0,0.66243,0.00935
256,satcomp,3,1,8,1,0.6532,0.03358
256,satcomp,3,1,8,2,0.64797,0.03896
256,satcomp,3,1,8,3,0.65694,0.03205
256,satcomp,3,1,7,1,0.6532,0.03358
256,satcomp,3,1,7,2,0.64797,0.03896
256,satcomp,3,1,7,3,0.65694,0.03205
256,satcomp,3,1,7,4,0.63675,0.02724
256,satcomp,3,1,8,4,0.63675,0.02724
256,satcomp,3,2,2,0,0.31488,0.06194
256,satcomp,3,2,2,1,0.29319,0.08938
256,satcomp,3,2,2,2,0.33283,0.05253
256,satcomp,3,2,5,0,0.59985,0.1227
256,satcomp,3,2,5,1,0.6906,0.01716
256,satcomp,3,2,5,2,0.6906,0.02791
256,satcomp,3,2,5,3,0.76141,0.01086
256,satcomp,3,2,6,3,0.71005,0.012
256,satcomp,3,2,6,4,0.68711,0.06226
256,satcomp,3,2,7,0,0.75019,0.00881
256,satcomp,3,2,7,1,0.72052,0.02596
256,satcomp,3,2,5,4,0.728,0.02298
256,satcomp,3,2,6,0,0.67764,0.06717
256,satcomp,3,2,6,1,0.72825,0.04426
256,satcomp,3,2,6,2,0.75318,0.01331
256,satcomp,3,2,3,2,0.53378,0.05252
256,satcomp,3,2,3,3,0.55572,0.07836
256,satcomp,3,2,3,4,0.5804,0.06843
256,satcomp,3,2,4,0,0.45201,0.01041
256,satcomp,3,2,2,3,0.40613,0.09408
256,satcomp,3,2,2,4,0.45251,0.06123
256,satcomp,3,2,3,0,0.38943,0.03066
256,satcomp,3,2,3,1,0.50337,0.06581
256,trunc,1,0,8,0,0.53478,0.01306
256,trunc,1,1,2,0,0.47669,0.03425
256,trunc,1,1,2,1,0.4555,0.01616
256,trunc,1,1,2,2,0.49414,0.03088
256,satcomp,3,2,4,1,0.62802,0.08019
256,satcomp,3,2,4,2,0.59162,0.02964
256,satcomp,3,2,4,3,0.65345,0.01015
256,satcomp,3,2,4,4,0.6537,0.04458
256,trunc,1,1,2,3,0.5278,0.04548
256,trunc,1,1,2,4,0.455,0.03049
256,trunc,1,1,3,0,0.49364,0.02413
256,trunc,1,1,3,1,0.47569,0.02819
256,trunc,1,1,3,2,0.51608,0.03385
256,trunc,1,1,3,3,0.50087,0.01832
256,trunc,1,1,3,4,0.4717,0.01095
256,trunc,1,1,4,0,0.48517,0.01113
256,satcomp,3,2,7,2,0.74919,0.01521
256,satcomp,3,2,7,3,0.729,0.01966
256,satcomp,3,2,7,4,0.7078,0.03207
256,satcomp,3,2,8,0,0.71179,0.04796
256,trunc,1,1,5,0,0.48566,0.00834
256,trunc,1,1,5,1,0.49464,0.00494
256,trunc,1,1,5,2,0.49813,0.00529
256,trunc,1,1,5,3,0.49988,0.01062
256,trunc,1,1,4,1,0.49339,0.00497
256,trunc,1,1,4,2,0.49464,0.01594
256,trunc,1,1,4,3,0.50237,0.00989
256,trunc,1,1,4,4,0.48866,0.02
256,trunc,1,1,5,4,0.4899,0.01802
256,trunc,1,1,6,0,0.49838,0.00247
256,trunc,1,1,6,1,0.49713,0.00829
256,trunc,1,1,6,2,0.49688,0.00675
256,trunc,1,1,7,2,0.49688,0.00675
256,trunc,1,1,7,3,0.49988,0.01062
256,trunc,1,1,7,4,0.4899,0.01802
256,trunc,1,1,8,0,0.49713,0.00282
256,trunc,1,1,6,3,0.49988,0.01062
256,trunc,1,1,6,4,0.4899,0.01802
256,trunc,1,1,7,0,0.49713,0.00282
256,trunc,1,1,7,1,0.49713,0.00829
256,trunc,1,1,8,1,0.49713,0.00829
256,trunc,1,1,8,2,0.49688,0.00675
256,trunc,1,1,8,3,0.49988,0.01062
256,trunc,1,1,8,4,0.4899,0.01802
256,satcomp,3,2,8,1,0.70905,0.05558
256,satcomp,3,2,8,2,0.70855,0.04801
256,satcomp,3,2,8,3,0.7088,0.03695
256,satcomp,3,2,8,4,0.72999,0.03268
256,trunc,1,2,6,0,0.47843,0.06081
256,trunc,1,2,6,1,0.69409,0.02202
256,trunc,1,2,6,2,0.70805,0.02212
256,trunc,1,2,6,3,0.68786,0.03653
256,trunc,1,2,6,4,0.62603,0.03538
256,trunc,1,2,7,0,0.63999,0.03787
256,trunc,1,2,7,1,0.75492,0.02552
256,trunc,1,2,7,2,0.68487,0.01841
256,trunc,1,2,4,2,0.66343,0.0275
256,trunc,1,2,4,3,0.65046,0.04764
256,trunc,1,2,4,4,0.66343,0.03211
256,trunc,1,2,5,0,0.52755,0.12889
256,trunc,1,2,5,1,0.68861,0.01771
256,trunc,1,2,5,2,0.66068,0.03532
256,trunc,1,2,5,3,0.68686,0.02881
256,trunc,1,2,5,4,0.65719,0.03329
512,exact,0,1,2,0,0.65395,0.0343
512,exact,0,1,2,1,0.61057,0.06692
512,exact,0,1,2,2,0.68063,0.03146
512,exact,0,1,2,3,0.68462,0.05381
256,trunc,1,2,2,4,0.44503,0.04698
256,trunc,1,2,3,0,0.40937,0.04317
256,trunc,1,2,3,1,0.54351,0.04498
256,trunc,1,2,3,2,0.51783,0.0755
512,exact,0,1,2,4,0.65021,0.04147
512,exact,0,1,3,0,0.73199,0.01393
512,exact,0,1,3,1,0.71379,0.01185
512,exact,0,1,3,2,0.72226,0.00462
256,trunc,1,2,8,2,0.63077,0.01248
256,trunc,1,2,8,3,0.57143,0.06417
256,trunc,1,2,8,4,0.64872,0.00797
512,exact,0,0,8,0,0.77686,0.01711
512,exact,0,1,3,3,0.71454,0.02715
512,exact,0,1,3,4,0.6906,0.02431
512,exact,0,1,4,0,0.73373,0.01853
512,exact,0,1,4,1,0.7275,0.00397
256,trunc,1,2,7,3,0.6542,0.03255
256,trunc,1,2,7,4,0.60833,0.05332
256,trunc,1,2,8,0,0.70007,0.05994
256,trunc,1,2,8,1,0.64149,0.04122
512,exact,0,1,4,2,0.726,0.02142
512,exact,0,1,4,3,0.73049,0.01955
512,exact,0,1,4,4,0.72177,0.01679
512,exact,0,1,5,0,0.73099,0.0171
512,exact,0,1,5,1,0.73722,0.02241
512,exact,0,1,5,2,0.72775,0.02198
512,exact,0,1,5,3,0.74221,0.01373
512,exact,0,1,5,4,0.71678,0.01347
256,trunc,1,2,2,0,0.31389,0.01377
256,trunc,1,2,2,1,0.2745,0.08308
256,trunc,1,2,2,2,0.42084,0.1051
256,trunc,1,2,2,3,0.42807,0.0689
512,exact,0,1,6,0,0.73573,0.02195
512,exact,0,1,6,1,0.7457,0.02657
512,exact,0,1,6,2,0.73099,0.02865
512,exact,0,1,6,3,0.74221,0.01373
512,exact,0,1,7,3,0.74221,0.01373
512,exact,0,1,7,4,0.71678,0.01347
512,exact,0,1,8,0,0.73448,0.02025
512,exact,0,1,8,1,0.7457,0.02657
256,trunc,1,2,3,3,0.53553,0.02728
256,trunc,1,2,3,4,0.5819,0.03713
256,trunc,1,2,4,0,0.50885,0.06611
256,trunc,1,2,4,1,0.59387,0.02793
512,exact,0,1,8,2,0.73099,0.02865
512,exact,0,1,8,3,0.74221,0.01373
512,exact,0,1,8,4,0.71678,0.01347
512,exact,0,2,2,0,0.31788,0.06678
512,exact,0,2,4,3,0.70656,0.04888
512,exact,0,2,4,4,0.75742,0.03019
512,exact,0,2,5,0,0.57542,0.08745
512,exact,0,2,5,1,0.73099,0.0187
512,exact,0,1,6,4,0.71678,0.01347
512,exact,0,1,7,0,0.73448,0.02025
512,exact,0,1,7,1,0.7457,0.02657
512,exact,0,1,7,2,0.73099,0.02865
512,exact,0,2,6,1,0.83321,0.01065
512,exact,0,2,6,2,0.80055,0.02733
512,exact,0,2,6,3,0.77786,0.03227
512,exact,0,2,6,4,0.75443,0.02055
512,exact,0,2,3,4,0.65445,0.03875
512,exact,0,2,4,0,0.48666,0.09961
512,exact,0,2,4,1,0.68088,0.01662
512,exact,0,2,4,2,0.69584,0.04862
512,exact,0,2,2,1,0.33508,0.07301
512,exact,0,2,2,2,0.42009,0.09912
512,exact,0,2,2,3,0.49738,0.04981
512,exact,0,2,2,4,0.43306,0.08552
512,sampled,4,1,3,0,0.65819,0.0245
512,sampled,4,1,3,1,0.67066,0.02059
512,sampled,4,1,3,2,0.66966,0.03268
512,sampled,4,1,3,3,0.65246,0.05427
512,sampled,4,1,2,1,0.59038,0.05079
512,sampled,4,1,2,2,0.62927,0.02476
512,sampled,4,1,2,3,0.61456,0.09119
512,sampled,4,1,2,4,0.56195,0.06944
512,exact,0,2,3,0,0.36649,0.02385
512,exact,0,2,3,1,0.48766,0.08622
512,exact,0,2,3,2,0.55871,0.02791
512,exact,0,2,3,3,0.6532,0.02473
512,sampled,4,1,3,4,0.62304,0.02127
512,sampled,4,1,4,0,0.65445,0.00912
512,sampled,4,1,4,1,0.67115,0.02693
512,sampled,4,1,4,2,0.66417,0.02799
512,exact,0,2,8,3,0.78709,0.01146
512,exact,0,2,8,4,0.75991,0.03393
512,sampled,4,0,8,0,0.69309,0.03637
512,sampled,4,1,2,0,0.6006,0.04163
512,sampled,4,1,4,3,0.65395,0.01207
512,sampled,4,1,4,4,0.63849,0.03927
512,sampled,4,1,5,0,0.6547,0.02261
512,sampled,4,1,5,1,0.66343,0.01226
512,sampled,4,1,5,2,0.64174,0.03363
512,sampled,4,1,5,3,0.65694,0.03205
512,sampled,4,1,5,4,0.63675,0.02724
512,sampled,4,1,6,0,0.66442,0.0111
512,sampled,4,1,7,4,0.63675,0.02724
512,sampled,4,1,8,0,0.66243,0.00935
512,sampled,4,1,8,1,0.6532,0.03358
512,sampled,4,1,8,2,0.64797,0.03896
512,sampled,4,1,7,0,0.66243,0.00935
512,sampled,4,1,7,1,0.6532,0.03358
512,sampled,4,1,7,2,0.64797,0.03896
512,sampled,4,1,7,3,0.65694,0.03205
512,sampled,4,1,6,1,0.6532,0.03358
512,sampled,4,1,6,2,0.64797,0.03896
512,sampled,4,1,6,3,0.65694,0.03205
512,sampled,4,1,6,4,0.63675,0.02724
512,exact,0,2,5,2,0.74894,0.02493
512,exact,0,2,5,3,0.77512,0.00247
512,exact,0,2,5,4,0.73573,0.03791
512,exact,0,2,6,0,0.82997,0.02456
512,exact,0,2,7,4,0.7801,0.03779
512,exact,0,2,8,0,0.79556,0.00886
512,exact,0,2,8,1,0.7998,0.01859
512,exact,0,2,8,2,0.75617,0.0233
512,sampled,4,1,8,3,0.65694,0.03205
512,sampled,4,1,8,4,0.63675,0.02724
512,sampled,4,2,2,0,0.31488,0.06194
512,sampled,4,2,2,1,0.30616,0.09283
512,sampled,4,2,4,0,0.45201,0.01041
512,sampled,4,2,4,1,0.60234,0.03032
512,sampled,4,2,4,2,0.59935,0.04764
512,sampled,4,2,4,3,0.65046,0.05353
512,exact,0,2,7,0,0.82024,0.03685
512,exact,0,2,7,1,0.79157,0.01772
512,exact,0,2,7,2,0.78484,0.02227
512,exact,0,2,7,3,0.78135,0.01743
512,sampled,4,2,3,1,0.40115,0.02858
512,sampled,4,2,3,2,0.54824,0.09868
512,sampled,4,2,3,3,0.55024,0.04146
512,sampled,4,2,3,4,0.59437,0.06533
512,sampled,4,2,2,2,0.3999,0.04024
512,sampled,4,2,2,3,0.42134,0.06197
512,sampled,4,2,2,4,0.56619,0.02816
512,sampled,4,2,3,0,0.38943,0.03066
512,sampled,4,2,7,1,0.72052,0.02596
512,sampled,4,2,7,2,0.74919,0.01521
512,sampled,4,2,7,3,0.729,0.01966
512,sampled,4,2,7,4,0.7078,0.03207
512,sampled,4,2,6,2,0.75318,0.01331
512,sampled,4,2,6,3,0.71005,0.012
512,sampled,4,2,6,4,0.68711,0.06226
512,sampled,4,2,7,0,0.75019,0.00881
512,sampled,4,2,8,4,0.72999,0.03268
512,satcomp,2,0,8,0,0.77711,0.01687
512,satcomp,2,1,2,0,0.6537,0.03448
512,satcomp,2,1,2,1,0.61007,0.06649
512,satcomp,2,1,2,2,0.68088,0.03159
512,satcomp,2,1,2,3,0.68362,0.05311
512,satcomp,2,1,2,4,0.64946,0.04075
512,satcomp,2,1,3,0,0.73199,0.01393
512,satcomp,2,1,3,1,0.71379,0.01185
512,satcomp,2,1,3,2,0.72201,0.0045
512,satcomp,2,1,3,3,0.71454,0.02715
512,satcomp,2,1,3,4,0.69035,0.02366
512,satcomp,2,1,4,4,0.72152,0.01653
512,satcomp,2,1,5,0,0.73099,0.0171
512,satcomp,2,1,5,1,0.73647,0.02241
512,satcomp,2,1,5,2,0.7265,0.02138
512,satcomp,2,1,5,3,0.74171,0.01389
512,satcomp,2,1,5,4,0.71678,0.01287
512,satcomp,2,1,6,0,0.73548,0.0222
512,satcomp,2,1,6,1,0.7447,0.02719
512,satcomp,2,1,4,0,0.73373,0.01853
512,satcomp,2,1,4,1,0.72775,0.00427
512,satcomp,2,1,4,2,0.726,0.02142
512,satcomp,2,1,4,3,0.72974,0.01985
512,satcomp,2,1,6,2,0.72999,0.02799
512,satcomp,2,1,6,3,0.74171,0.01389
512,satcomp,2,1,6,4,0.71678,0.01287
512,satcomp,2,1,7,0,0.73398,0.02016
512,satcomp,2,1,8,0,0.73398,0.02016
512,satcomp,2,1,8,1,0.7447,0.02719
512,satcomp,2,1,8,2,0.72999,0.02799
512,satcomp,2,1,8,3,0.74171,0.01389
512,satcomp,2,1,7,1,0.7447,0.02719
512,satcomp,2,1,7,2,0.72999,0.02799
512,satcomp,2,1,7,3,0.74171,0.01389
512,satcomp,2,1,7,4,0.71678,0.01287
512,satcomp,2,1,8,4,0.71678,0.01287
512,satcomp,2,2,2,0,0.31937,0.05886
512,satcomp,2,2,2,1,0.27749,0.04179
512,satcomp,2,2,2,2,0.44129,0.05047
512,sampled,4,2,8,0,0.71179,0.04796
512,sampled,4,2,8,1,0.70905,0.05558
512,sampled,4,2,8,2,0.70855,0.04801
512,sampled,4,2,8,3,0.7088,0.03695
512,sampled,4,2,4,4,0.6921,0.01741
512,sampled,4,2,5,0,0.59985,0.1227
512,sampled,4,2,5,1,0.69559,0.07848
512,sampled,4,2,5,2,0.70332,0.02414
512,sampled,4,2,5,3,0.76141,0.01086
512,sampled,4,2,5,4,0.728,0.02298
512,sampled,4,2,6,0,0.67764,0.06717
512,sampled,4,2,6,1,0.72825,0.04426
512,satcomp,2,2,3,2,0.60908,0.06687
512,satcomp,2,2,3,3,0.55373,0.01937
512,satcomp,2,2,3,4,0.55572,0.08033
512,satcomp,2,2,4,0,0.52905,0.07607
512,satcomp,2,2,5,0,0.63151,0.09082
512,satcomp,2,2,5,1,0.67988,0.03617
512,satcomp,2,2,5,2,0.7624,0.01804
512,satcomp,2,2,5,3,0.74944,0.05107
512,satcomp,3,0,8,0,0.77686,0.01711
512,satcomp,3,1,2,0,0.65395,0.0343
512,satcomp,3,1,2,1,0.61057,0.06692
512,satcomp,3,1,2,2,0.68063,0.03146
512,satcomp,2,2,8,1,0.74919,0.01467
512,satcomp,2,2,8,2,0.76415,0.03358
512,satcomp,2,2,8,3,0.77387,0.01746
512,satcomp,2,2,8,4,0.74495,0.01558
512,satcomp,2,2,2,3,0.41486,0.10242
512,satcomp,2,2,2,4,0.44079,0.04888
512,satcomp,2,2,3,0,0.39043,0.05463
512,satcomp,2,2,3,1,0.43356,0.07063
512,satcomp,3,1,2,3,0.68462,0.05381
512,satcomp,3,1,2,4,0.65021,0.04147
512,satcomp,3,1,3,0,0.73199,0.01393
512,satcomp,3,1,3,1,0.71379,0.01185
512,satcomp,2,2,4,1,0.63176,0.06646
512,satcomp,2,2,4,2,0.62752,0.05871
512,satcomp,2,2,4,3,0.65744,0.01746
512,satcomp,2,2,4,4,0.68113,0.0409
512,satcomp,3,1,3,2,0.72226,0.00462
512,satcomp,3,1,3,3,0.71454,0.02715
512,satcomp,3,1,3,4,0.6906,0.02431
512,satcomp,3,1,4,0,0.73373,0.01853
512,satcomp,3,1,6,3,0.74221,0.01373
512,satcomp,3,1,6,4,0.71678,0.01347
512,satcomp,3,1,7,0,0.73448,0.02025
512,satcomp,3,1,7,1,0.7457,0.02657
512,satcomp,2,2,5,4,0.71977,0.06127
512,satcomp,2,2,6,0,0.78908,0.02296
512,satcomp,2,2,6,1,0.81426,0.01506
512,satcomp,2,2,6,2,0.7993,0.01567
512,satcomp,3,1,5,4,0.71678,0.01347
512,satcomp,3,1,6,0,0.73573,0.02195
512,satcomp,3,1,6,1,0.7457,0.02657
512,satcomp,3,1,6,2,0.73099,0.02865
512,satcomp,3,1,7,2,0.73099,0.02865
512,satcomp,3,1,7,3,0.74221,0.01373
512,satcomp,3,1,7,4,0.71678,0.01347
512,satcomp,3,1,8,0,0.73448,0.02025
512,satcomp,3,1,4,1,0.7275,0.00397
512,satcomp,3,1,4,2,0.726,0.02142
512,satcomp,3,1,4,3,0.73049,0.01955
512,satcomp,3,1,4,4,0.72177,0.01679
512,satcomp,2,2,6,3,0.77512,0.00554
512,satcomp,2,2,6,4,0.76664,0.01616
512,satcomp,2,2,7,0,0.78933,0.04251
512,satcomp,2,2,7,1,0.80678,0.02059
512,satcomp,3,1,5,0,0.73099,0.0171
512,satcomp,3,1,5,1,0.73722,0.02241
512,satcomp,3,1,5,2,0.72775,0.02198
512,satcomp,3,1,5,3,0.74221,0.01373
512,satcomp,2,2,7,2,0.7831,0.01131
512,satcomp,2,2,7,3,0.76041,0.00494
512,satcomp,2,2,7,4,0.78509,0.01802
512,satcomp,2,2,8,0,0.81426,0.01341
512,satcomp,3,2,2,0,0.31788,0.06678
512,satcomp,3,2,2,1,0.28671,0.09623
512,satcomp,3,2,2,2,0.33957,0.06044
512,satcomp,3,2,2,3,0.48566,0.12859
512,satcomp,3,1,8,1,0.7457,0.02657
512,satcomp,3,1,8,2,0.73099,0.02865
512,satcomp,3,1,8,3,0.74221,0.01373
512,satcomp,3,1,8,4,0.71678,0.01347
512,satcomp,3,2,3,3,0.63326,0.04398
512,satcomp,3,2,3,4,0.62777,0.09812
512,satcomp,3,2,4,0,0.48666,0.09961
512,satcomp,3,2,4,1,0.69708,0.06099
512,satcomp,3,2,6,4,0.75443,0.02055
512,satcomp,3,2,7,0,0.82024,0.03685
512,satcomp,3,2,7,1,0.79157,0.01772
512,satcomp,3,2,7,2,0.78484,0.02227
512,trunc,1,1,2,0,0.52481,0.04486
512,trunc,1,1,2,1,0.51608,0.02305
512,trunc,1,1,2,2,0.58763,0.03371
512,trunc,1,1,2,3,0.57392,0.02458
512,satcomp,3,2,8,2,0.75617,0.0233
512,satcomp,3,2,8,3,0.78709,0.01146
512,satcomp,3,2,8,4,0.75991,0.03393
512,trunc,1,0,8,0,0.59187,0.01873
512,satcomp,3,2,2,4,0.53652,0.0312
512,satcomp,3,2,3,0,0.36649,0.02385
512,satcomp,3,2,3,1,0.55996,0.07237
512,satcomp,3,2,3,2,0.59437,0.02449
512,trunc,1,1,2,4,0.54425,0.01663
512,trunc,1,1,3,0,0.57542,0.03954
512,trunc,1,1,3,1,0.54351,0.02186
512,trunc,1,1,3,2,0.56993,0.01482
512,satcomp,3,2,6,0,0.82997,0.02456
512,satcomp,3,2,6,1,0.83321,0.01065
512,satcomp,3,2,6,2,0.80055,0.02733
512,satcomp,3,2,6,3,0.77786,0.03227
512,trunc,1,1,3,3,0.54375,0.03034
512,trunc,1,1,3,4,0.53004,0.0049
512,trunc,1,1,4,0,0.54251,0.01234
512,trunc,1,1,4,1,0.54375,0.02539
512,trunc,1,1,4,2,0.5637,0.00813
512,trunc,1,1,4,3,0.55423,0.01226
512,trunc,1,1,4,4,0.55024,0.01076
512,trunc,1,1,5,0,0.547,0.01446
512,satcomp,3,2,4,2,0.71628,0.04131
512,satcomp,3,2,4,3,0.7108,0.04685
512,satcomp,3,2,4,4,0.74919,0.00759
512,satcomp,3,2,5,0,0.57542,0.08745
512,trunc,1,1,5,1,0.56046,0.00858
512,trunc,1,1,5,2,0.55921,0.00734
512,trunc,1,1,5,3,0.55797,0.0044
512,trunc,1,1,5,4,0.5465,0.01076
512,trunc,1,1,6,4,0.5465,0.01076
512,trunc,1,1,7,0,0.55797,0.00635
512,trunc,1,1,7,1,0.55946,0.00808
512,trunc,1,1,7,2,0.56245,0.00589
512,satcomp,3,2,5,1,0.73149,0.06138
512,satcomp,3,2,5,2,0.7629,0.03497
512,satcomp,3,2,5,3,0.77512,0.00247
512,satcomp,3,2,5,4,0.73573,0.03791
512,trunc,1,1,7,3,0.55797,0.0044
512,trunc,1,1,7,4,0.5465,0.01076
512,trunc,1,1,8,0,0.55797,0.00635
512,trunc,1,1,8,1,0.55946,0.00808
512,trunc,1,1,6,0,0.55722,0.00694
512,trunc,1,1,6,1,0.55946,0.00808
512,trunc,1,1,6,2,0.56245,0.00589
512,trunc,1,1,6,3,0.55797,0.0044
512,satcomp,3,2,7,3,0.78135,0.01743
512,satcomp,3,2,7,4,0.7801,0.03779
512,satcomp,3,2,8,0,0.79556,0.00886
512,satcomp,3,2,8,1,0.7998,0.01859
512,trunc,1,2,4,3,0.67041,0.04951
512,trunc,1,2,4,4,0.69933,0.04655
512,trunc,1,2,5,0,0.53278,0.10138
512,trunc,1,2,5,1,0.72974,0.05732
512,trunc,1,2,3,0,0.38669,0.02074
512,trunc,1,2,3,1,0.48317,0.038
512,trunc,1,2,3,2,0.50386,0.07004
512,trunc,1,2,3,3,0.58963,0.02088
512,trunc,1,1,8,2,0.56245,0.00589
512,trunc,1,1,8,3,0.55797,0.0044
512,trunc,1,1,8,4,0.5465,0.01076
512,trunc,1,2,2,0,0.31538,0.06124
512,trunc,1,2,2,1,0.29145,0.08601
512,trunc,1,2,2,2,0.30416,0.01405
512,trunc,1,2,2,3,0.51409,0.00864
512,trunc,1,2,2,4,0.49115,0.07071
512,trunc,1,2,7,0,0.73772,0.03168
512,trunc,1,2,7,1,0.7467,0.04196
512,trunc,1,2,7,2,0.73049,0.0097
512,trunc,1,2,7,3,0.70282,0.01017
1024,exact,0,1,2,1,0.73049,0.03088
1024,exact,0,1,2,2,0.72974,0.04854
1024,exact,0,1,2,3,0.74445,0.03209
1024,exact,0,1,2,4,0.72476,0.04607
512,trunc,1,2,7,4,0.70132,0.012
512,trunc,1,2,8,0,0.75069,0.02314
512,trunc,1,2,8,1,0.69883,0.03686
512,trunc,1,2,8,2,0.66617,0.05423
1024,exact,0,1,3,0,0.75941,0.02199
1024,exact,0,1,3,1,0.7472,0.03279
1024,exact,0,1,3,2,0.75143,0.02846
1024,exact,0,1,3,3,0.74819,0.03702
1024,exact,0,1,3,4,0.72949,0.01096
1024,exact,0,1,4,0,0.74769,0.03692
1024,exact,0,1,4,1,0.75268,0.03797
1024,exact,0,1,4,2,0.75642,0.03781
1024,exact,0,1,4,3,0.76091,0.02853
1024,exact,0,1,4,4,0.74296,0.02382
1024,exact,0,1,5,0,0.75019,0.02366
1024,exact,0,1,5,1,0.75093,0.01957
1024,exact,0,1,5,2,0.75767,0.02596
1024,exact,0,1,5,3,0.76091,0.01682
1024,exact,0,1,5,4,0.74196,0.02251
1024,exact,0,1,6,0,0.75318,0.0193
512,trunc,1,2,3,4,0.61905,0.01398
512,trunc,1,2,4,0,0.63575,0.01985
512,trunc,1,2,4,1,0.6198,0.09703
512,trunc,1,2,4,2,0.60534,0.0717
1024,exact,0,1,6,1,0.74595,0.02206
1024,exact,0,1,6,2,0.75567,0.01959
1024,exact,0,1,6,3,0.76091,0.01682
1024,exact,0,1,6,4,0.74196,0.02251
1024,exact,0,1,7,0,0.75093,0.0168
1024,exact,0,1,7,1,0.74595,0.02206
1024,exact,0,1,7,2,0.75567,0.01959
1024,exact,0,1,7,3,0.76091,0.01682
512,trunc,1,2,5,2,0.70905,0.03233
512,trunc,1,2,5,3,0.7831,0.0124
512,trunc,1,2,5,4,0.73573,0.02735
512,trunc,1,2,6,0,0.75318,0.06313
1024,exact,0,1,7,4,0.74196,0.02251
1024,exact,0,1,8,0,0.75093,0.0168
1024,exact,0,1,8,1,0.74595,0.02206
1024,exact,0,1,8,2,0.75567,0.01959
512,trunc,1,2,6,1,0.75318,0.06301
512,trunc,1,2,6,2,0.74096,0.04372
512,trunc,1,2,6,3,0.7255,0.01893
512,trunc,1,2,6,4,0.68512,0.02158
512,trunc,1,2,8,3,0.70257,0.0416
512,trunc,1,2,8,4,0.68611,0.02871
1024,exact,0,0,8,0,0.8018,0.05082
1024,exact,0,1,2,0,0.72949,0.02508
1024,exact,0,2,4,4,0.77711,0.03803
1024,exact,0,2,5,0,0.81675,0.05976
1024,exact,0,2,5,1,0.77736,0.08878
1024,exact,0,2,5,2,0.79382,0.0466
1024,exact,0,1,8,3,0.76091,0.01682
1024,exact,0,1,8,4,0.74196,0.02251
1024,exact,0,2,2,0,0.31538,0.0823
1024,exact,0,2,2,1,0.33084,0.03262
1024,exact,0,2,7,1,0.82598,0.00919
1024,exact,0,2,7,2,0.81202,0.02558
1024,exact,0,2,7,3,0.82124,0.01323
1024,exact,0,2,7,4,0.82448,0.01024
1024,exact,0,2,2,2,0.48168,0.12163
1024,exact,0,2,2,3,0.52605,0.02033
1024,exact,0,2,2,4,0.59013,0.06707
1024,exact,0,2,3,0,0.33932,0.02926
1024,exact,0,2,3,1,0.453,0.06141
1024,exact,0,2,3,2,0.6547,0.10237
1024,exact,0,2,3,3,0.66318,0.05427
1024,exact,0,2,3,4,0.71379,0.07982
1024,exact,0,2,8,0,0.84268,0.01457
1024,exact,0,2,8,1,0.80853,0.01832
1024,exact,0,2,8,2,0.82149,0.00773
1024,exact,0,2,8,3,0.80753,0.02095
1024,exact,0,2,5,3,0.78484,0.03833
1024,exact,0,2,5,4,0.79407,0.0202
1024,exact,0,2,6,0,0.85889,0.0133
1024,exact,0,2,6,1,0.82747,0.00708
1024,sampled,4,1,2,2,0.68063,0.03146
1024,sampled,4,1,2,3,0.68462,0.05381
1024,sampled,4,1,2,4,0.65021,0.04147
1024,sampled,4,1,3,0,0.73199,0.01393
1024,exact,0,2,8,4,0.80853,0.01131
1024,sampled,4,0,8,0,0.75069,0.04176
1024,sampled,4,1,2,0,0.65395,0.0343
1024,sampled,4,1,2,1,0.61057,0.06692
1024,sampled,4,1,4,0,0.73373,0.01853
1024,sampled,4,1,4,1,0.7275,0.00397
1024,sampled,4,1,4,2,0.726,0.02142
1024,sampled,4,1,4,3,0.73049,0.01955
1024,sampled,4,1,4,4,0.72177,0.01679
1024,sampled,4,1,5,0,0.73099,0.0171
1024,sampled,4,1,5,1,0.73722,0.02241
1024,sampled,4,1,5,2,0.72775,0.02198
1024,exact,0,2,4,0,0.44577,0.1206
1024,exact,0,2,4,1,0.74994,0.06511
1024,exact,0,2,4,2,0.72401,0.02962
1024,exact,0,2,4,3,0.76639,0.06585
1024,sampled,4,1,5,3,0.74221,0.01373
1024,sampled,4,1,5,4,0.71678,0.01347
1024,sampled,4,1,6,0,0.73573,0.02195
1024,sampled,4,1,6,1,0.7457,0.02657
1024,sampled,4,1,8,0,0.73448,0.02025
1024,sampled,4,1,8,1,0.7457,0.02657
1024,sampled,4,1,8,2,0.73099,0.02865
1024,sampled,4,1,8,3,0.74221,0.01373
1024,sampled,4,1,6,2,0.73099,0.02865
1024,sampled,4,1,6,3,0.74221,0.01373
1024,sampled,4,1,6,4,0.71678,0.01347
1024,sampled,4,1,7,0,0.73448,0.02025
1024,sampled,4,1,7,1,0.7457,0.02657
1024,sampled,4,1,7,2,0.73099,0.02865
1024,sampled,4,1,7,3,0.74221,0.01373
1024,sampled,4,1,7,4,0.71678,0.01347
1024,sampled,4,1,3,1,0.71379,0.01185
1024,sampled,4,1,3,2,0.72226,0.00462
1024,sampled,4,1,3,3,0.71454,0.02715
1024,sampled,4,1,3,4,0.6906,0.02431
1024,sampled,4,2,5,0,0.57542,0.08745
1024,sampled,4,2,5,1,0.73099,0.0187
1024,sampled,4,2,5,2,0.74894,0.02493
1024,sampled,4,2,5,3,0.77512,0.00247
1024,exact,0,2,6,2,0.84717,0.01194
1024,exact,0,2,6,3,0.80952,0.03086
1024,exact,0,2,6,4,0.7988,0.02235
1024,exact,0,2,7,0,0.84966,0.02274
1024,sampled,4,2,3,2,0.55871,0.02791
1024,sampled,4,2,3,3,0.6532,0.02473
1024,sampled,4,2,3,4,0.65445,0.03875
1024,sampled,4,2,4,0,0.48666,0.09961
1024,sampled,4,2,2,3,0.49738,0.04981
1024,sampled,4,2,2,4,0.43306,0.08552
1024,sampled,4,2,3,0,0.36649,0.02385
1024,sampled,4,2,3,1,0.48766,0.08622
1024,satcomp,2,0,8,0,0.80279,0.05132
1024,satcomp,2,1,2,0,0.72974,0.0252
1024,satcomp,2,1,2,1,0.73074,0.0306
1024,satcomp,2,1,2,2,0.72949,0.04826
1024,sampled,4,2,6,3,0.77786,0.03227
1024,sampled,4,2,6,4,0.75443,0.02055
1024,sampled,4,2,7,0,0.82024,0.03685
1024,sampled,4,2,7,1,0.79157,0.01772
1024,satcomp,2,1,2,3,0.7447,0.03209
1024,satcomp,2,1,2,4,0.72476,0.04607
1024,satcomp,2,1,3,0,0.75817,0.02171
1024,satcomp,2,1,3,1,0.7472,0.03339
1024,sampled,4,2,5,4,0.73573,0.03791
1024,sampled,4,2,6,0,0.82997,0.02456
1024,sampled,4,2,6,1,0.83321,0.01065
1024,sampled,4,2,6,2,0.80055,0.02733
1024,sampled,4,2,8,1,0.7998,0.01859
1024,sampled,4,2,8,2,0.75617,0.0233
1024,sampled,4,2,8,3,0.78709,0.01146
1024,sampled,4,2,8,4,0.75991,0.03393
1024,satcomp,2,1,5,0,0.74994,0.02394
1024,satcomp,2,1,5,1,0.75118,0.01928
1024,satcomp,2,1,5,2,0.75742,0.02627
1024,satcomp,2,1,5,3,0.76091,0.01682
1024,satcomp,2,1,4,1,0.75293,0.03821
1024,satcomp,2,1,4,2,0.75617,0.03765
1024,satcomp,2,1,4,3,0.76066,0.02888
1024,satcomp,2,1,4,4,0.74271,0.02396
1024,satcomp,2,1,5,4,0.74196,0.02251
1024,satcomp,2,1,6,0,0.75318,0.0193
1024,satcomp,2,1,6,1,0.7462,0.02189
1024,satcomp,2,1,6,2,0.75592,0.01928
1024,sampled,4,2,4,1,0.68088,0.01662
1024,sampled,4,2,4,2,0.69584,0.04862
1024,sampled,4,2,4,3,0.70656,0.04888
1024,sampled,4,2,4,4,0.75742,0.03019
1024,sampled,4,1,8,4,0.71678,0.01347
1024,sampled,4,2,2,0,0.31788,0.06678
1024,sampled,4,2,2,1,0.33508,0.07301
1024,sampled,4,2,2,2,0.42009,0.09912
1024,satcomp,2,1,6,3,0.76091,0.01682
1024,satcomp,2,1,6,4,0.74196,0.02251
1024,satcomp,2,1,7,0,0.75093,0.0168
1024,satcomp,2,1,7,1,0.7462,0.02189
1024,satcomp,2,1,3,2,0.75143,0.02846
1024,satcomp,2,1,3,3,0.74819,0.03761
1024,satcomp,2,1,3,4,0.729,0.0112
1024,satcomp,2,1,4,0,0.7472,0.03758
1024,satcomp,2,1,8,1,0.7462,0.02189
1024,satcomp,2,1,8,2,0.75592,0.01928
1024,satcomp,2,1,8,3,0.76091,0.01682
1024,satcomp,2,1,8,4,0.74196,0.02251
1024,satcomp,2,1,7,2,0.75592,0.01928
1024,satcomp,2,1,7,3,0.76091,0.01682
1024,satcomp,2,1,7,4,0.74196,0.02251
1024,satcomp,2,1,8,0,0.75093,0.0168
1024,sampled,4,2,7,2,0.78484,0.02227
1024,sampled,4,2,7,3,0.78135,0.01743
1024,sampled,4,2,7,4,0.7801,0.03779
1024,sampled,4,2,8,0,0.79556,0.00886
1024,satcomp,2,2,3,3,0.5804,0.06243
1024,satcomp,2,2,3,4,0.59162,0.09097
1024,satcomp,2,2,4,0,0.46846,0.1241
1024,satcomp,2,2,4,1,0.72102,0.05429
1024,satcomp,2,2,5,1,0.70007,0.02279
1024,satcomp,2,2,5,2,0.81626,0.03761
1024,satcomp,2,2,5,3,0.80404,0.01835
1024,satcomp,2,2,5,4,0.78983,0.02597
1024,satcomp,2,2,4,2,0.67988,0.04768
1024,satcomp,2,2,4,3,0.70805,0.01557
1024,satcomp,2,2,4,4,0.75243,0.04574
1024,satcomp,2,2,5,0,0.80155,0.05527
1024,satcomp,3,1,2,0,0.72949,0.02508
1024,satcomp,3,1,2,1,0.73049,0.03088
1024,satcomp,3,1,2,2,0.72974,0.04854
1024,satcomp,3,1,2,3,0.74445,0.03209
1024,satcomp,2,2,7,3,0.79756,0.02098
1024,satcomp,2,2,7,4,0.81426,0.00512
1024,satcomp,2,2,8,0,0.84293,0.01652
1024,satcomp,2,2,8,1,0.82349,0.01376
1024,satcomp,2,2,8,2,0.81027,0.00187
1024,satcomp,2,2,8,3,0.82049,0.01519
1024,satcomp,2,2,8,4,0.81526,0.01221
1024,satcomp,3,0,8,0,0.8018,0.05082
1024,satcomp,3,1,3,3,0.74819,0.03702
1024,satcomp,3,1,3,4,0.72949,0.01096
1024,satcomp,3,1,4,0,0.74769,0.03692
1024,satcomp,3,1,4,1,0.75268,0.03797
1024,satcomp,2,2,6,0,0.84518,0.04197
1024,satcomp,2,2,6,1,0.85814,0.00534
1024,satcomp,2,2,6,2,0.83072,0.01889
1024,satcomp,2,2,6,3,0.81252,0.02459
1024,satcomp,3,1,2,4,0.72476,0.04607
1024,satcomp,3,1,3,0,0.75941,0.02199
1024,satcomp,3,1,3,1,0.7472,0.03279
1024,satcomp,3,1,3,2,0.75143,0.02846
1024,satcomp,3,1,4,2,0.75642,0.03781
1024,satcomp,3,1,4,3,0.76091,0.02853
1024,satcomp,3,1,4,4,0.74296,0.02382
1024,satcomp,3,1,5,0,0.75019,0.02366
1024,satcomp,3,1,6,0,0.75318,0.0193
1024,satcomp,3,1,6,1,0.74595,0.02206
1024,satcomp,3,1,6,2,0.75567,0.01959
1024,satcomp,3,1,6,3,0.76091,0.01682
1024,satcomp,3,1,5,1,0.75093,0.01957
1024,satcomp,3,1,5,2,0.75767,0.02596
1024,satcomp,3,1,5,3,0.76091,0.01682
1024,satcomp,3,1,5,4,0.74196,0.02251
1024,satcomp,3,1,7,3,0.76091,0.01682
1024,satcomp,3,1,7,4,0.74196,0.02251
1024,satcomp,3,1,8,0,0.75093,0.0168
1024,satcomp,3,1,8,1,0.74595,0.02206
1024,satcomp,3,1,8,2,0.75567,0.01959
1024,satcomp,3,1,8,3,0.76091,0.01682
1024,satcomp,3,1,8,4,0.74196,0.02251
1024,satcomp,3,2,2,0,0.30541,0.06995
1024,satcomp,2,2,6,4,0.81376,0.01469
1024,satcomp,2,2,7,0,0.84617,0.01806
1024,satcomp,2,2,7,1,0.84243,0.01355
1024,satcomp,2,2,7,2,0.81027,0.00729
1024,satcomp,2,2,2,4,0.54874,0.10727
1024,satcomp,2,2,3,0,0.41187,0.051
1024,satcomp,2,2,3,1,0.43032,0.02135
1024,satcomp,2,2,3,2,0.53054,0.02161
1024,satcomp,3,1,6,4,0.74196,0.02251
1024,satcomp,3,1,7,0,0.75093,0.0168
1024,satcomp,3,1,7,1,0.74595,0.02206
1024,satcomp,3,1,7,2,0.75567,0.01959
1024,satcomp,2,2,2,0,0.33558,0.07803
1024,satcomp,2,2,2,1,0.30815,0.05925
1024,satcomp,2,2,2,2,0.35976,0.0419
1024,satcomp,2,2,2,3,0.51384,0.02864
1024,satcomp,3,2,3,4,0.67016,0.08205
1024,satcomp,3,2,4,0,0.44577,0.1206
1024,satcomp,3,2,4,1,0.66293,0.08288
1024,satcomp,3,2,4,2,0.75792,0.03773
1024,satcomp,3,2,3,0,0.33932,0.02926
1024,satcomp,3,2,3,1,0.4004,0.02415
1024,satcomp,3,2,3,2,0.54799,0.09664
1024,satcomp,3,2,3,3,0.60509,0.01482
1024,satcomp,3,2,2,1,0.33907,0.02217
1024,satcomp,3,2,2,2,0.41835,0.06869
1024,satcomp,3,2,2,3,0.44951,0.11862
1024,satcomp,3,2,2,4,0.64622,0.02539
1024,satcomp,3,2,7,4,0.82448,0.01024
1024,satcomp,3,2,8,0,0.84268,0.01457
1024,satcomp,3,2,8,1,0.80853,0.01832
1024,satcomp,3,2,8,2,0.82149,0.00773
1024,satcomp,3,2,8,3,0.80753,0.02095
1024,satcomp,3,2,8,4,0.80853,0.01131
1024,trunc,1,0,8,0,0.65694,0.0097
1024,trunc,1,1,2,0,0.60284,0.01376
1024,trunc,1,1,2,1,0.62727,0.01373
1024,trunc,1,1,2,2,0.63949,0.01192
1024,trunc,1,1,2,3,0.67814,0.02871
1024,trunc,1,1,2,4,0.60234,0.03842
1024,trunc,1,1,3,0,0.638,0.02216
1024,trunc,1,1,3,1,0.61481,0.04733
1024,trunc,1,1,3,2,0.64024,0.02974
1024,trunc,1,1,3,3,0.62378,0.03968
1024,trunc,1,1,3,4,0.60558,0.03164
1024,trunc,1,1,4,0,0.60334,0.04716
1024,trunc,1,1,4,1,0.60858,0.0509
1024,trunc,1,1,4,2,0.62154,0.03446
1024,trunc,1,1,4,3,0.62603,0.03765
1024,trunc,1,1,4,4,0.6183,0.02691
1024,trunc,1,1,5,0,0.6188,0.0404
1024,trunc,1,1,5,1,0.62478,0.03229
1024,satcomp,3,2,7,0,0.84966,0.02274
1024,satcomp,3,2,7,1,0.82598,0.00919
1024,satcomp,3,2,7,2,0.81202,0.02558
1024,satcomp,3,2,7,3,0.82124,0.01323
1024,trunc,1,1,5,2,0.62329,0.04068
1024,trunc,1,1,5,3,0.63101,0.03105
1024,trunc,1,1,5,4,0.61032,0.02279
1024,trunc,1,1,6,0,0.62802,0.02874
1024,trunc,1,1,6,1,0.62354,0.03143
1024,trunc,1,1,6,2,0.63101,0.03739
1024,trunc,1,1,6,3,0.63101,0.03105
1024,trunc,1,1,6,4,0.61032,0.02279
1024,satcomp,3,2,4,3,0.73398,0.02781
1024,satcomp,3,2,4,4,0.78808,0.03752
1024,satcomp,3,2,5,0,0.81675,0.05976
1024,satcomp,3,2,5,1,0.79781,0.05963
1024,trunc,1,1,7,0,0.62678,0.0247
1024,trunc,1,1,7,1,0.62354,0.03143
1024,trunc,1,1,7,2,0.63101,0.03739
1024,trunc,1,1,7,3,0.63101,0.03105
1024,satcomp,3,2,5,2,0.79382,0.0466
1024,satcomp,3,2,5,3,0.78484,0.03833
1024,satcomp,3,2,5,4,0.79407,0.0202
1024,satcomp,3,2,6,0,0.85889,0.0133
1024,satcomp,3,2,6,1,0.82747,0.00708
1024,satcomp,3,2,6,2,0.84717,0.01194
1024,satcomp,3,2,6,3,0.80952,0.03086
1024,satcomp,3,2,6,4,0.7988,0.02235
1024,trunc,1,1,8,3,0.63101,0.03105
1024,trunc,1,1,8,4,0.61032,0.02279
1024,trunc,1,2,2,0,0.31164,0.06834
1024,trunc,1,2,2,1,0.27998,0.03773
1024,trunc,1,2,4,0,0.60309,0.03694
1024,trunc,1,2,4,1,0.69534,0.02802
1024,trunc,1,2,4,2,0.66617,0.08506
1024,trunc,1,2,4,3,0.75418,0.03832
1024,trunc,1,1,7,4,0.61032,0.02279
1024,trunc,1,1,8,0,0.62678,0.0247
1024,trunc,1,1,8,1,0.62354,0.03143
1024,trunc,1,1,8,2,0.63101,0.03739
1024,trunc,1,2,6,2,0.82049,0.00427
1024,trunc,1,2,6,3,0.76116,0.03525
1024,trunc,1,2,6,4,0.74769,0.02007
1024,trunc,1,2,7,0,0.80229,0.04272
1024,trunc,1,2,7,1,0.79731,0.00643
1024,trunc,1,2,7,2,0.76864,0.02156
1024,trunc,1,2,7,3,0.72999,0.00061
1024,trunc,1,2,7,4,0.72476,0.04712
1024,trunc,1,2,8,4,0.73448,0.01099
2048,exact,0,0,8,0,0.85864,0.01131
2048,exact,0,1,2,0,0.7644,0.01777
2048,exact,0,1,2,1,0.75143,0.02934
1024,trunc,1,2,4,4,0.7821,0.02257
1024,trunc,1,2,5,0,0.49564,0.06894
1024,trunc,1,2,5,1,0.77961,0.03426
1024,trunc,1,2,5,2,0.76589,0.07329
2048,exact,0,1,2,2,0.7629,0.02857
2048,exact,0,1,2,3,0.75517,0.02017
2048,exact,0,1,2,4,0.77063,0.01178
2048,exact,0,1,3,0,0.78908,0.01482
1024,trunc,1,2,3,1,0.4717,0.14802
1024,trunc,1,2,3,2,0.61207,0.02809
1024,trunc,1,2,3,3,0.61406,0.05751
1024,trunc,1,2,3,4,0.70057,0.04755
1024,trunc,1,2,5,3,0.79257,0.01438
1024,trunc,1,2,5,4,0.77287,0.02256
1024,trunc,1,2,6,0,0.78933,0.04607
1024,trunc,1,2,6,1,0.7993,0.03205
2048,exact,0,1,4,0,0.76963,0.02385
2048,exact,0,1,4,1,0.76814,0.02844
2048,exact,0,1,4,2,0.78459,0.01269
2048,exact,0,1,4,3,0.77661,0.01389
1024,trunc,1,2,8,0,0.79806,0.04351
1024,trunc,1,2,8,1,0.73398,0.01801
1024,trunc,1,2,8,2,0.73947,0.02759
1024,trunc,1,2,8,3,0.72226,0.01162
2048,exact,0,1,4,4,0.7806,0.00966
2048,exact,0,1,5,0,0.77836,0.01433
2048,exact,0,1,5,1,0.77587,0.00336
2048,exact,0,1,5,2,0.77836,0.00551
1024,trunc,1,2,2,2,0.41685,0.06658
1024,trunc,1,2,2,3,0.57292,0.0476
1024,trunc,1,2,2,4,0.55871,0.03515
1024,trunc,1,2,3,0,0.362,0.02357
2048,exact,0,1,5,3,0.77562,0.01179
2048,exact,0,1,5,4,0.77088,0.0103
2048,exact,0,1,6,0,0.77537,0.00176
2048,exact,0,1,6,1,0.77512,0.00373
2048,exact,0,1,7,1,0.77537,0.00347
2048,exact,0,1,7,2,0.77836,0.00347
2048,exact,0,1,7,3,0.77612,0.01222
2048,exact,0,1,7,4,0.77088,0.0103
2048,exact,0,1,3,1,0.77736,0.01892
2048,exact,0,1,3,2,0.77562,0.01959
2048,exact,0,1,3,3,0.77387,0.02365
2048,exact,0,1,3,4,0.77661,0.01135
2048,exact,0,1,6,2,0.77836,0.00347
2048,exact,0,1,6,3,0.77612,0.01222
2048,exact,0,1,6,4,0.77088,0.0103
2048,exact,0,1,7,0,0.77487,0.00212
2048,exact,0,1,8,0,0.77487,0.00212
2048,exact,0,1,8,1,0.77537,0.00347
2048,exact,0,1,8,2,0.77836,0.00347
2048,exact,0,1,8,3,0.77612,0.01222
2048,exact,0,2,3,2,0.62977,0.08098
2048,exact,0,2,3,3,0.65221,0.02366
2048,exact,0,2,3,4,0.69783,0.08583
2048,exact,0,2,4,0,0.5814,0.12041
2048,exact,0,2,4,1,0.64722,0.11467
2048,exact,0,2,4,2,0.69434,0.05814
2048,exact,0,2,4,3,0.78758,0.05402
2048,exact,0,2,4,4,0.82997,0.00856
2048,exact,0,2,6,3,0.83495,0.01932
2048,exact,0,2,6,4,0.83919,0.00983
2048,exact,0,2,7,0,0.86537,0.03808
2048,exact,0,2,7,1,0.83695,0.02844
2048,exact,0,2,7,2,0.85789,0.00866
2048,exact,0,2,7,3,0.8539,0.00797
2048,exact,0,2,7,4,0.84518,0.01247
2048,exact,0,2,8,0,0.86437,0.01841
2048,sampled,4,0,8,0,0.817,0.00494
2048,sampled,4,1,2,0,0.72949,0.02508
2048,sampled,4,1,2,1,0.73049,0.03088
2048,sampled,4,1,2,2,0.72974,0.04854
2048,exact,0,2,2,3,0.52705,0.06044
2048,exact,0,2,2,4,0.53478,0.06558
2048,exact,0,2,3,0,0.38968,0.06853
2048,exact,0,2,3,1,0.45974,0.02246
2048,exact,0,1,8,4,0.77088,0.0103
2048,exact,0,2,2,0,0.31937,0.06855
2048,exact,0,2,2,1,0.3286,0.03706
2048,exact,0,2,2,2,0.38719,0.1392
2048,exact,0,2,5,0,0.8367,0.04522
2048,exact,0,2,5,1,0.81177,0.01086
2048,exact,0,2,5,2,0.83495,0.05055
2048,exact,0,2,5,3,0.84094,0.03879
2048,exact,0,2,5,4,0.83595,0.01728
2048,exact,0,2,6,0,0.86736,0.02086
2048,exact,0,2,6,1,0.84293,0.05398
2048,exact,0,2,6,2,0.86537,0.01375
2048,sampled,4,1,2,3,0.74445,0.03209
2048,sampled,4,1,2,4,0.72476,0.04607
2048,sampled,4,1,3,0,0.75941,0.02199
2048,sampled,4,1,3,1,0.7472,0.03279
2048,sampled,4,1,3,2,0.75143,0.02846
2048,sampled,4,1,3,3,0.74819,0.03702
2048,sampled,4,1,3,4,0.72949,0.01096
2048,sampled,4,1,4,0,0.74769,0.03692
2048,exact,0,2,8,1,0.85515,0.00247
2048,exact,0,2,8,2,0.84792,0.01113
2048,exact,0,2,8,3,0.83495,0.01166
2048,exact,0,2,8,4,0.84169,0.01345
2048,sampled,4,1,4,1,0.75268,0.03797
2048,sampled,4,1,4,2,0.75642,0.03781
2048,sampled,4,1,4,3,0.76091,0.02853
2048,sampled,4,1,4,4,0.74296,0.02382
2048,sampled,4,1,7,2,0.75567,0.01959
2048,sampled,4,1,7,3,0.76091,0.01682
2048,sampled,4,1,7,4,0.74196,0.02251
2048,sampled,4,1,8,0,0.75093,0.0168
2048,sampled,4,1,8,1,0.74595,0.02206
2048,sampled,4,1,8,2,0.75567,0.01959
2048,sampled,4,1,8,3,0.76091,0.01682
2048,sampled,4,1,8,4,0.74196,0.02251
2048,sampled,4,1,5,0,0.75019,0.02366
2048,sampled,4,1,5,1,0.75093,0.01957
2048,sampled,4,1,5,2,0.75767,0.02596
2048,sampled,4,1,5,3,0.76091,0.01682
2048,sampled,4,1,5,4,0.74196,0.02251
2048,sampled,4,1,6,0,0.75318,0.0193
2048,sampled,4,1,6,1,0.74595,0.02206
2048,sampled,4,1,6,2,0.75567,0.01959
2048,sampled,4,1,6,3,0.76091,0.01682
2048,sampled,4,1,6,4,0.74196,0.02251
2048,sampled,4,1,7,0,0.75093,0.0168
2048,sampled,4,1,7,1,0.74595,0.02206
2048,sampled,4,2,2,4,0.59013,0.06707
2048,sampled,4,2,3,0,0.33932,0.02926
2048,sampled,4,2,3,1,0.453,0.06141
2048,sampled,4,2,3,2,0.6547,0.10237
2048,sampled,4,2,4,2,0.72401,0.02962
2048,sampled,4,2,4,3,0.76639,0.06585
2048,sampled,4,2,4,4,0.77711,0.03803
2048,sampled,4,2,5,0,0.81675,0.05976
2048,sampled,4,2,3,3,0.66318,0.05427
2048,sampled,4,2,3,4,0.71379,0.07982
2048,sampled,4,2,4,0,0.44577,0.1206
2048,sampled,4,2,4,1,0.74994,0.06511
2048,sampled,4,2,6,0,0.85889,0.0133
2048,sampled,4,2,6,1,0.82747,0.00708
2048,sampled,4,2,6,2,0.84717,0.01194
2048,sampled,4,2,6,3,0.80952,0.03086
2048,satcomp,2,1,2,0,0.76415,0.01801
2048,satcomp,2,1,2,1,0.75193,0.02892
2048,satcomp,2,1,2,2,0.76315,0.02737
2048,satcomp,2,1,2,3,0.75517,0.02046
2048,sampled,4,2,7,3,0.82124,0.01323
2048,sampled,4,2,7,4,0.82448,0.01024
2048,sampled,4,2,8,0,0.84268,0.01457
2048,sampled,4,2,8,1,0.80853,0.01832
2048,satcomp,2,1,2,4,0.76988,0.01237
2048,satcomp,2,1,3,0,0.78908,0.01482
2048,satcomp,2,1,3,1,0.77736,0.01892
2048,satcomp,2,1,3,2,0.77562,0.01959
2048,sampled,4,2,8,2,0.82149,0.00773
2048,sampled,4,2,8,3,0.80753,0.02095
2048,sampled,4,2,8,4,0.80853,0.01131
2048,satcomp,2,0,8,0,0.85889,0.01108
2048,satcomp,2,1,3,3,0.77387,0.02365
2048,satcomp,2,1,3,4,0.77636,0.01144
2048,satcomp,2,1,4,0,0.76963,0.02385
2048,satcomp,2,1,4,1,0.76814,0.02844
2048,sampled,4,2,2,0,0.31538,0.0823
2048,sampled,4,2,2,1,0.33084,0.03262
2048,sampled,4,2,2,2,0.48168,0.12163
2048,sampled,4,2,2,3,0.52605,0.02033
2048,satcomp,2,1,4,2,0.78409,0.01252
2048,satcomp,2,1,4,3,0.77636,0.01364
2048,satcomp,2,1,4,4,0.7806,0.00966
2048,satcomp,2,1,5,0,0.77836,0.01433
2048,satcomp,2,1,5,1,0.77587,0.00336
2048,satcomp,2,1,5,2,0.77836,0.00551
2048,satcomp,2,1,5,3,0.77562,0.01179
2048,satcomp,2,1,5,4,0.77088,0.0103
2048,satcomp,2,1,6,0,0.77537,0.00176
2048,satcomp,2,1,6,1,0.77512,0.00373
2048,satcomp,2,1,6,2,0.77836,0.00347
2048,satcomp,2,1,6,3,0.77587,0.01223
2048,sampled,4,2,6,4,0.7988,0.02235
2048,sampled,4,2,7,0,0.84966,0.02274
2048,sampled,4,2,7,1,0.82598,0.00919
2048,sampled,4,2,7,2,0.81202,0.02558
2048,satcomp,2,1,6,4,0.77088,0.0103
2048,satcomp,2,1,7,0,0.77487,0.00212
2048,satcomp,2,1,7,1,0.77537,0.00347
2048,satcomp,2,1,7,2,0.77836,0.00347
2048,sampled,4,2,5,1,0.77736,0.08878
2048,sampled,4,2,5,2,0.79382,0.0466
2048,sampled,4,2,5,3,0.78484,0.03833
2048,sampled,4,2,5,4,0.79407,0.0202
2048,satcomp,2,1,8,2,0.77836,0.00347
2048,satcomp,2,1,8,3,0.77587,0.01223
2048,satcomp,2,1,8,4,0.77088,0.0103
2048,satcomp,2,2,2,0,0.34131,0.07975
2048,satcomp,2,2,3,0,0.39417,0.03664
2048,satcomp,2,2,3,1,0.43406,0.09394
2048,satcomp,2,2,3,2,0.50711,0.03095
2048,satcomp,2,2,3,3,0.60982,0.04551
2048,satcomp,2,2,4,3,0.76689,0.05282
2048,satcomp,2,2,4,4,0.78983,0.0157
2048,satcomp,2,2,5,0,0.8554,0.06132
2048,satcomp,2,2,5,1,0.73099,0.03556
2048,satcomp,2,1,7,3,0.77587,0.01223
2048,satcomp,2,1,7,4,0.77088,0.0103
2048,satcomp,2,1,8,0,0.77487,0.00212
2048,satcomp,2,1,8,1,0.77537,0.00347
2048,satcomp,2,2,6,1,0.86188,0.04408
2048,satcomp,2,2,6,2,0.84792,0.00708
2048,satcomp,2,2,6,3,0.85864,0.01005
2048,satcomp,2,2,6,4,0.84592,0.01178
2048,satcomp,2,2,2,1,0.32087,0.01851
2048,satcomp,2,2,2,2,0.43505,0.0246
2048,satcomp,2,2,2,3,0.53652,0.0364
2048,satcomp,2,2,2,4,0.57268,0.06044
2048,satcomp,2,2,7,4,0.84418,0.00935
2048,satcomp,2,2,8,0,0.86163,0.02221
2048,satcomp,2,2,8,1,0.85041,0.00643
2048,satcomp,2,2,8,2,0.85066,0.00834
2048,satcomp,2,2,7,0,0.85365,0.03442
2048,satcomp,2,2,7,1,0.8554,0.02107
2048,satcomp,2,2,7,2,0.84941,0.00347
2048,satcomp,2,2,7,3,0.84892,0.0164
2048,satcomp,3,1,2,1,0.75143,0.02934
2048,satcomp,3,1,2,2,0.7629,0.02857
2048,satcomp,3,1,2,3,0.75517,0.02017
2048,satcomp,3,1,2,4,0.77063,0.01178
2048,satcomp,3,1,3,0,0.78908,0.01482
2048,satcomp,3,1,3,1,0.77736,0.01892
2048,satcomp,3,1,3,2,0.77562,0.01959
2048,satcomp,3,1,3,3,0.77387,0.02365
2048,satcomp,3,1,3,4,0.77661,0.01135
2048,satcomp,3,1,4,0,0.76963,0.02385
2048,satcomp,3,1,4,1,0.76814,0.02844
2048,satcomp,3,1,4,2,0.78459,0.01269
2048,satcomp,3,1,4,3,0.77661,0.01389
2048,satcomp,3,1,4,4,0.7806,0.00966
2048,satcomp,3,1,5,0,0.77836,0.01433
2048,satcomp,3,1,5,1,0.77587,0.00336
2048,satcomp,3,1,6,1,0.77512,0.00373
2048,satcomp,3,1,6,2,0.77836,0.00347
2048,satcomp,3,1,6,3,0.77612,0.01222
2048,satcomp,3,1,6,4,0.77088,0.0103
2048,satcomp,3,1,5,2,0.77836,0.00551
2048,satcomp,3,1,5,3,0.77562,0.01179
2048,satcomp,3,1,5,4,0.77088,0.0103
2048,satcomp,3,1,6,0,0.77537,0.00176
2048,satcomp,3,1,7,0,0.77487,0.00212
2048,satcomp,3,1,7,1,0.77537,0.00347
2048,satcomp,3,1,7,2,0.77836,0.00347
2048,satcomp,3,1,7,3,0.77612,0.01222
2048,satcomp,3,1,7,4,0.77088,0.0103
2048,satcomp,3,1,8,0,0.77487,0.00212
2048,satcomp,3,1,8,1,0.77537,0.00347
2048,satcomp,3,1,8,2,0.77836,0.00347
2048,satcomp,2,2,8,3,0.85016,0.01317
2048,satcomp,2,2,8,4,0.83994,0.01364
2048,satcomp,3,0,8,0,0.85864,0.01131
2048,satcomp,3,1,2,0,0.7644,0.01777
2048,satcomp,2,2,5,2,0.84169,0.01928
2048,satcomp,2,2,5,3,0.82448,0.03675
2048,satcomp,2,2,5,4,0.85739,0.00695
2048,satcomp,2,2,6,0,0.88133,0.02506
2048,satcomp,2,2,3,4,0.6734,0.04829
2048,satcomp,2,2,4,0,0.53752,0.13934
2048,satcomp,2,2,4,1,0.65246,0.04833
2048,satcomp,2,2,4,2,0.74221,0.03979
2048,satcomp,3,1,8,3,0.77612,0.01222
2048,satcomp,3,1,8,4,0.77088,0.0103
2048,satcomp,3,2,2,0,0.31937,0.06855
2048,satcomp,3,2,2,1,0.31314,0.00813
2048,satcomp,3,2,4,0,0.5814,0.12041
2048,satcomp,3,2,4,1,0.72825,0.01271
2048,satcomp,3,2,4,2,0.76465,0.03374
2048,satcomp,3,2,4,3,0.80703,0.05378
2048,satcomp,3,2,4,4,0.82324,0.00773
2048,satcomp,3,2,5,0,0.8367,0.04522
2048,satcomp,3,2,5,1,0.76265,0.00615
2048,satcomp,3,2,5,2,0.83495,0.05055
2048,satcomp,3,2,8,4,0.84169,0.01345
2048,trunc,1,0,8,0,0.72825,0.03457
2048,trunc,1,1,2,0,0.64647,0.0113
2048,trunc,1,1,2,1,0.66642,0.04466
2048,satcomp,3,2,7,1,0.83695,0.02844
2048,satcomp,3,2,7,2,0.85789,0.00866
2048,satcomp,3,2,7,3,0.8539,0.00797
2048,satcomp,3,2,7,4,0.84518,0.01247
2048,satcomp,3,2,8,0,0.86437,0.01841
2048,satcomp,3,2,8,1,0.85515,0.00247
2048,satcomp,3,2,8,2,0.84792,0.01113
2048,satcomp,3,2,8,3,0.83495,0.01166
2048,trunc,1,1,2,2,0.66692,0.02641
2048,trunc,1,1,2,3,0.69658,0.01755
2048,trunc,1,1,2,4,0.68287,0.05342
2048,trunc,1,1,3,0,0.70057,0.04275
2048,trunc,1,1,4,0,0.66891,0.06046
2048,trunc,1,1,4,1,0.67215,0.06151
2048,trunc,1,1,4,2,0.67739,0.05048
2048,trunc,1,1,4,3,0.67838,0.0609
2048,trunc,1,1,3,1,0.69559,0.05164
2048,trunc,1,1,3,2,0.68512,0.04881
2048,trunc,1,1,3,3,0.67789,0.06296
2048,trunc,1,1,3,4,0.67489,0.04391
2048,satcomp,3,2,5,3,0.84094,0.03879
2048,satcomp,3,2,5,4,0.83595,0.01728
2048,satcomp,3,2,6,0,0.86736,0.02086
2048,satcomp,3,2,6,1,0.84293,0.05398
2048,trunc,1,1,4,4,0.67863,0.04294
2048,trunc,1,1,5,0,0.67091,0.05939
2048,trunc,1,1,5,1,0.67115,0.04794
2048,trunc,1,1,5,2,0.67988,0.05206
2048,satcomp,3,2,6,2,0.86537,0.01375
2048,satcomp,3,2,6,3,0.83495,0.01932
2048,satcomp,3,2,6,4,0.83919,0.00983
2048,satcomp,3,2,7,0,0.86537,0.03808
2048,trunc,1,1,6,2,0.67863,0.05333
2048,trunc,1,1,6,3,0.68337,0.05071
2048,trunc,1,1,6,4,0.67564,0.04514
2048,trunc,1,1,7,0,0.66966,0.04592
2048,trunc,1,1,5,3,0.68362,0.05105
2048,trunc,1,1,5,4,0.67564,0.04514
2048,trunc,1,1,6,0,0.67115,0.04497
2048,trunc,1,1,6,1,0.66916,0.04687
2048,trunc,1,1,8,0,0.66966,0.04592
2048,trunc,1,1,8,1,0.66941,0.04674
2048,trunc,1,1,8,2,0.67863,0.05333
2048,trunc,1,1,8,3,0.68337,0.05071
2048,satcomp,3,2,3,1,0.59312,0.07328
2048,satcomp,3,2,3,2,0.6188,0.11958
2048,satcomp,3,2,3,3,0.77636,0.00661
2048,satcomp,3,2,3,4,0.70282,0.02781
2048,satcomp,3,2,2,2,0.39466,0.07709
2048,satcomp,3,2,2,3,0.51184,0.14063
2048,satcomp,3,2,2,4,0.55348,0.08251
2048,satcomp,3,2,3,0,0.38968,0.06853
2048,trunc,1,1,7,1,0.66941,0.04674
2048,trunc,1,1,7,2,0.67863,0.05333
2048,trunc,1,1,7,3,0.68337,0.05071
2048,trunc,1,1,7,4,0.67564,0.04514
2048,trunc,1,2,3,2,0.61082,0.03298
2048,trunc,1,2,3,3,0.66018,0.02522
2048,trunc,1,2,3,4,0.70406,0.04294
2048,trunc,1,2,4,0,0.57841,0.00509
2048,trunc,1,2,4,1,0.69658,0.04937
2048,trunc,1,2,4,2,0.70007,0.05757
2048,trunc,1,2,4,3,0.72326,0.02706
2048,trunc,1,2,4,4,0.78958,0.06286
2048,trunc,1,2,2,3,0.51134,0.11784
2048,trunc,1,2,2,4,0.57043,0.05818
2048,trunc,1,2,3,0,0.37896,0.01926
2048,trunc,1,2,3,1,0.42408,0.15123
2048,trunc,1,2,5,0,0.79157,0.0629
2048,trunc,1,2,5,1,0.77263,0.06251
2048,trunc,1,2,5,2,0.77911,0.04811
2048,trunc,1,2,5,3,0.80329,0.05395
2048,trunc,1,1,8,4,0.67564,0.04514
2048,trunc,1,2,2,0,0.29245,0.08289
2048,trunc,1,2,2,1,0.32959,0.03509
2048,trunc,1,2,2,2,0.33458,0.04162
2048,trunc,1,2,7,2,0.79332,0.00407
2048,trunc,1,2,7,3,0.79083,0.01723
2048,trunc,1,2,7,4,0.7654,0.02059
2048,trunc,1,2,8,0,0.82149,0.00368
2048,trunc,1,2,5,4,0.8185,0.04014
2048,trunc,1,2,6,0,0.85116,0.01777
2048,trunc,1,2,6,1,0.85216,0.03066
2048,trunc,1,2,6,2,0.83371,0.012
2048,trunc,1,2,8,1,0.75318,0.01896
2048,trunc,1,2,8,2,0.76589,0.00323
2048,trunc,1,2,8,3,0.7811,0.009
2048,trunc,1,2,8,4,0.77088,0.01834
2048,trunc,1,2,6,3,0.82423,0.0075
2048,trunc,1,2,6,4,0.75792,0.03787
2048,trunc,1,2,7,0,0.84966,0.01325
2048,trunc,1,2,7,1,0.81675,0.00808
