optimizer,seed,budget,evaluated,hv_gap_pct
random,0,25,25,12.142
random,0,50,50,10.063
random,0,100,100,9.265
random,0,150,150,6.982
random,0,200,200,4.183
random,0,300,300,3.736
random,1,25,25,13.104
random,1,50,50,10.354
random,1,100,100,7.581
random,1,150,150,5.428
random,1,200,200,4.264
random,1,300,300,3.21
random,2,25,25,12.293
random,2,50,50,8.031
random,2,100,100,6.475
random,2,150,150,5.518
random,2,200,200,5.271
random,2,300,300,3.659
random,3,25,25,13.672
random,3,50,50,9.925
random,3,100,100,7.009
random,3,150,150,5.492
random,3,200,200,5.393
random,3,300,300,3.52
random,4,25,25,9.539
random,4,50,50,5.08
random,4,100,100,2.686
random,4,150,150,2.265
random,4,200,200,1.819
random,4,300,300,1.243
random,5,25,25,9.854
random,5,50,50,8.857
random,5,100,100,6.642
random,5,150,150,4.623
random,5,200,200,4.223
random,5,300,300,3.303
random,6,25,25,14.369
random,6,50,50,8.308
random,6,100,100,7.369
random,6,150,150,6.35
random,6,200,200,5.497
random,6,300,300,3.55
random,7,25,25,11.099
random,7,50,50,7.544
random,7,100,100,4.982
random,7,150,150,4.735
random,7,200,200,3.704
random,7,300,300,3.582
random,8,25,25,13.852
random,8,50,50,10.472
random,8,100,100,7.109
random,8,150,150,5.663
random,8,200,200,4.8
random,8,300,300,4.475
random,9,25,25,9.276
random,9,50,50,7.677
random,9,100,100,4.36
random,9,150,150,3.619
random,9,200,200,3.307
random,9,300,300,2.823
NSGA-II,0,25,25,9.603
NSGA-II,0,50,50,6.085
NSGA-II,0,100,100,1.809
NSGA-II,0,150,150,1.312
NSGA-II,0,200,200,1.085
NSGA-II,0,300,300,0.509
NSGA-II,1,25,25,8.416
NSGA-II,1,50,50,6.083
NSGA-II,1,100,100,3.269
NSGA-II,1,150,150,1.202
NSGA-II,1,200,200,0.636
NSGA-II,1,300,300,0.347
NSGA-II,2,25,25,10.091
NSGA-II,2,50,50,8.784
NSGA-II,2,100,100,5.446
NSGA-II,2,150,150,3.738
NSGA-II,2,200,200,2.258
NSGA-II,2,300,300,0.455
NSGA-II,3,25,25,10.299
NSGA-II,3,50,50,4.254
NSGA-II,3,100,100,3.081
NSGA-II,3,150,150,0.84
NSGA-II,3,200,200,0.474
NSGA-II,3,300,300,0.229
NSGA-II,4,25,25,10.273
NSGA-II,4,50,50,8.95
NSGA-II,4,100,100,4.234
NSGA-II,4,150,150,3.978
NSGA-II,4,200,200,3.849
NSGA-II,4,300,300,3.813
NSGA-II,5,25,25,9.069
NSGA-II,5,50,50,4.926
NSGA-II,5,100,100,2.686
NSGA-II,5,150,150,1.484
NSGA-II,5,200,200,0.623
NSGA-II,5,300,300,0.263
NSGA-II,6,25,25,7.595
NSGA-II,6,50,50,4.69
NSGA-II,6,100,100,2.811
NSGA-II,6,150,150,1.918
NSGA-II,6,200,200,1.553
NSGA-II,6,300,300,0.551
NSGA-II,7,25,25,6.374
NSGA-II,7,50,50,5.388
NSGA-II,7,100,100,4.163
NSGA-II,7,150,150,1.404
NSGA-II,7,200,200,0.69
NSGA-II,7,300,300,0.195
NSGA-II,8,25,25,6.607
NSGA-II,8,50,50,5.504
NSGA-II,8,100,100,4.981
NSGA-II,8,150,150,4.464
NSGA-II,8,200,200,3.992
NSGA-II,8,300,300,3.789
NSGA-II,9,25,25,10.125
NSGA-II,9,50,50,3.816
NSGA-II,9,100,100,2.656
NSGA-II,9,150,150,1.334
NSGA-II,9,200,200,1.136
NSGA-II,9,300,300,0.394
BO (Optuna TPE),0,25,25,6.762
BO (Optuna TPE),0,50,50,5.704
BO (Optuna TPE),0,100,100,5.041
BO (Optuna TPE),0,150,150,3.861
BO (Optuna TPE),0,200,200,2.768
BO (Optuna TPE),0,300,300,1.546
BO (Optuna TPE),1,25,25,6.858
BO (Optuna TPE),1,50,50,5.951
BO (Optuna TPE),1,100,100,4.04
BO (Optuna TPE),1,150,150,3.842
BO (Optuna TPE),1,200,200,3.802
BO (Optuna TPE),1,300,300,2.867
BO (Optuna TPE),2,25,25,8.248
BO (Optuna TPE),2,50,50,4.513
BO (Optuna TPE),2,100,100,2.876
BO (Optuna TPE),2,150,150,1.634
BO (Optuna TPE),2,200,200,0.643
BO (Optuna TPE),2,300,300,0.165
BO (Optuna TPE),3,25,25,9.227
BO (Optuna TPE),3,50,50,6.112
BO (Optuna TPE),3,100,100,5.547
BO (Optuna TPE),3,150,150,5.272
BO (Optuna TPE),3,200,200,3.802
BO (Optuna TPE),3,300,300,1.604
BO (Optuna TPE),4,25,25,7.909
BO (Optuna TPE),4,50,50,5.4
BO (Optuna TPE),4,100,100,4.517
BO (Optuna TPE),4,150,150,4.038
BO (Optuna TPE),4,200,200,3.885
BO (Optuna TPE),4,300,300,3.088
BO (Optuna TPE),5,25,25,9.128
BO (Optuna TPE),5,50,50,5.895
BO (Optuna TPE),5,100,100,1.422
BO (Optuna TPE),5,150,150,0.971
BO (Optuna TPE),5,200,200,0.84
BO (Optuna TPE),5,300,300,0.548
BO (Optuna TPE),6,25,25,8.63
BO (Optuna TPE),6,50,50,6.524
BO (Optuna TPE),6,100,100,3.969
BO (Optuna TPE),6,150,150,3.791
BO (Optuna TPE),6,200,200,3.36
BO (Optuna TPE),6,300,300,3.007
BO (Optuna TPE),7,25,25,6.773
BO (Optuna TPE),7,50,50,4.835
BO (Optuna TPE),7,100,100,1.92
BO (Optuna TPE),7,150,150,0.778
BO (Optuna TPE),7,200,200,0.663
BO (Optuna TPE),7,300,300,0.171
BO (Optuna TPE),8,25,25,11.345
BO (Optuna TPE),8,50,50,7.294
BO (Optuna TPE),8,100,100,5.114
BO (Optuna TPE),8,150,150,5.004
BO (Optuna TPE),8,200,200,3.802
BO (Optuna TPE),8,300,300,3.542
BO (Optuna TPE),9,25,25,7.774
BO (Optuna TPE),9,50,50,6.943
BO (Optuna TPE),9,100,100,6.203
BO (Optuna TPE),9,150,150,4.284
BO (Optuna TPE),9,200,200,3.804
BO (Optuna TPE),9,300,300,2.741
