exp,seed,D,design,rate,learn,acc
flip_proto,0,256,offline w=16,0.0,0,0.71293
flip_proto,0,512,offline w=16,0.0,0,0.75399
flip_proto,0,512,offline w=16,0.01,0,0.65151
flip_proto,0,1024,offline w=16,0.01,0,0.78758
flip_proto,0,256,offline w=16,0.02,0,0.50322
flip_proto,0,512,offline w=16,0.02,0,0.5979
flip_proto,0,1024,offline w=16,0.0,0,0.80421
flip_proto,0,2048,offline w=16,0.0,0,0.81303
flip_proto,0,1024,offline w=16,0.02,0,0.72514
flip_proto,0,2048,offline w=16,0.02,0,0.6756
flip_proto,0,512,offline w=16,0.05,0,0.53851
flip_proto,0,1024,offline w=16,0.05,0,0.55209
flip_counter,0,1024,w=8,0.0,0,0.73087
flip_counter,0,1024,w=8,0.0,1,0.80985
flip_counter,0,1024,"w=4, k=3",0.0,0,0.73784
flip_counter,0,1024,"w=4, k=3",0.0,1,0.76562
flip_proto,0,256,offline w=16,0.01,0,0.64846
flip_proto,0,256,offline w=16,0.1,0,0.53207
flip_proto,0,512,offline w=16,0.1,0,0.43977
flip_proto,0,1024,offline w=16,0.1,0,0.60638
flip_proto,0,2048,offline w=16,0.1,0,0.67628
flip_proto,0,2048,offline w=16,0.05,0,0.62572
flip_counter,0,1024,w=8,0.05,0,0.63265
flip_counter,0,1024,w=8,0.05,1,0.71581
flip_counter,0,1024,"w=4, k=3",0.05,0,0.68927
flip_counter,0,1024,"w=4, k=3",0.05,1,0.72496
flip_proto,0,2048,offline w=16,0.01,0,0.73804
flip_counter,0,1024,w=8,0.01,0,0.70936
flip_counter,0,1024,w=8,0.01,1,0.83636
flip_counter,0,1024,"w=4, k=3",0.01,0,0.72943
flip_counter,0,1024,"w=4, k=3",0.01,1,0.76707
flip_proto,0,512,offline w=16,0.2,0,0.52528
flip_proto,0,1024,offline w=16,0.2,0,0.58568
flip_counter,0,1024,w=8,0.02,0,0.70827
flip_counter,0,1024,w=8,0.02,1,0.7732
flip_counter,0,1024,"w=4, k=3",0.02,0,0.6617
flip_counter,0,1024,"w=4, k=3",0.02,1,0.73649
flip_proto,0,256,offline w=16,0.05,0,0.52596
flip_proto,0,256,offline w=16,0.3,0,0.3037
flip_proto,0,512,offline w=16,0.3,0,0.37021
flip_proto,0,1024,offline w=16,0.3,0,0.54089
flip_proto,0,2048,offline w=16,0.3,0,0.53953
flip_counter,0,1024,w=8,0.1,0,0.63078
flip_counter,0,1024,w=8,0.1,1,0.66673
flip_counter,0,1024,"w=4, k=3",0.1,0,0.61161
flip_counter,0,1024,"w=4, k=3",0.1,1,0.68681
flip_proto,0,256,offline w=16,0.2,0,0.36105
flip_counter,0,1024,w=8,0.3,0,0.34556
flip_counter,0,1024,w=8,0.3,1,0.5754
flip_counter,0,1024,"w=4, k=3",0.3,0,0.20511
flip_counter,0,1024,"w=4, k=3",0.3,1,0.55244
flip_proto,0,2048,offline w=16,0.2,0,0.56871
flip_counter,0,1024,w=8,0.2,0,0.46212
flip_counter,0,1024,w=8,0.2,1,0.68526
flip_counter,0,1024,"w=4, k=3",0.2,0,0.33434
flip_counter,0,1024,"w=4, k=3",0.2,1,0.54316
flip_proto,1,512,offline w=16,0.0,0,0.71191
flip_proto,1,1024,offline w=16,0.0,0,0.77061
flip_proto,1,256,offline w=16,0.01,0,0.57143
flip_proto,1,512,offline w=16,0.01,0,0.66033
flip_proto,1,256,offline w=16,0.0,0,0.64846
flip_proto,1,1024,offline w=16,0.01,0,0.62742
flip_proto,1,2048,offline w=16,0.01,0,0.76824
flip_proto,1,512,offline w=16,0.02,0,0.61927
flip_proto,1,1024,offline w=16,0.02,0,0.67458
flip_proto,1,256,offline w=16,0.05,0,0.52901
flip_proto,1,512,offline w=16,0.05,0,0.53851
flip_proto,1,1024,offline w=16,0.05,0,0.54598
flip_proto,1,2048,offline w=16,0.05,0,0.72956
flip_proto,1,2048,offline w=16,0.0,0,0.80353
flip_counter,1,1024,w=8,0.0,0,0.67928
flip_counter,1,1024,w=8,0.0,1,0.83999
flip_counter,1,1024,"w=4, k=3",0.0,0,0.7174
flip_counter,1,1024,"w=4, k=3",0.0,1,0.71595
flip_proto,1,512,offline w=16,0.1,0,0.39498
flip_proto,1,1024,offline w=16,0.1,0,0.4262
flip_counter,1,1024,w=8,0.01,0,0.62632
flip_counter,1,1024,w=8,0.01,1,0.7887
flip_counter,1,1024,"w=4, k=3",0.01,0,0.70569
flip_counter,1,1024,"w=4, k=3",0.01,1,0.71256
flip_proto,1,256,offline w=16,0.02,0,0.57855
flip_proto,1,256,offline w=16,0.2,0,0.3546
flip_proto,1,512,offline w=16,0.2,0,0.41975
flip_proto,1,1024,offline w=16,0.2,0,0.47167
flip_proto,1,2048,offline w=16,0.2,0,0.58331
flip_counter,1,1024,w=8,0.05,0,0.56246
flip_counter,1,1024,w=8,0.05,1,0.76647
flip_counter,1,1024,"w=4, k=3",0.05,0,0.69763
flip_counter,1,1024,"w=4, k=3",0.05,1,0.73451
flip_proto,1,256,offline w=16,0.1,0,0.35731
flip_proto,1,512,offline w=16,0.3,0,0.38276
flip_proto,1,1024,offline w=16,0.3,0,0.48728
flip_proto,1,2048,offline w=16,0.02,0,0.76043
flip_counter,1,1024,w=8,0.02,0,0.64054
flip_counter,1,1024,w=8,0.02,1,0.80089
flip_counter,1,1024,"w=4, k=3",0.02,0,0.70663
flip_counter,1,1024,"w=4, k=3",0.02,1,0.75767
flip_proto,1,2048,offline w=16,0.1,0,0.6247
flip_counter,1,1024,w=8,0.1,0,0.59005
flip_counter,1,1024,w=8,0.1,1,0.78863
flip_counter,1,1024,"w=4, k=3",0.1,0,0.64752
flip_counter,1,1024,"w=4, k=3",0.1,1,0.70899
flip_counter,1,1024,w=8,0.2,0,0.37506
flip_counter,1,1024,w=8,0.2,1,0.62804
flip_counter,1,1024,"w=4, k=3",0.2,0,0.28408
flip_counter,1,1024,"w=4, k=3",0.2,1,0.58203
flip_proto,1,256,offline w=16,0.3,0,0.31184
flip_proto,1,2048,offline w=16,0.3,0,0.43943
flip_counter,1,1024,w=8,0.3,0,0.39671
flip_counter,1,1024,w=8,0.3,1,0.60714
flip_counter,1,1024,"w=4, k=3",0.3,0,0.18685
flip_counter,1,1024,"w=4, k=3",0.3,1,0.50068
flip_proto,2,256,offline w=16,0.0,0,0.61317
flip_proto,2,512,offline w=16,0.0,0,0.74618
flip_proto,2,512,offline w=16,0.01,0,0.63251
flip_proto,2,1024,offline w=16,0.01,0,0.6471
flip_proto,2,256,offline w=16,0.02,0,0.54394
flip_proto,2,512,offline w=16,0.02,0,0.62945
flip_proto,2,1024,offline w=16,0.0,0,0.76586
flip_proto,2,2048,offline w=16,0.0,0,0.82592
flip_proto,2,1024,offline w=16,0.02,0,0.66169
flip_proto,2,2048,offline w=16,0.02,0,0.75399
flip_proto,2,512,offline w=16,0.05,0,0.59111
flip_proto,2,1024,offline w=16,0.05,0,0.68341
flip_proto,2,2048,offline w=16,0.01,0,0.68816
flip_counter,2,1024,w=8,0.01,0,0.70907
flip_counter,2,1024,w=8,0.01,1,0.82004
flip_counter,2,1024,"w=4, k=3",0.01,0,0.67154
flip_counter,2,1024,"w=4, k=3",0.01,1,0.70531
flip_counter,2,1024,w=8,0.02,0,0.66301
flip_counter,2,1024,w=8,0.02,1,0.78762
flip_counter,2,1024,"w=4, k=3",0.02,0,0.7382
flip_counter,2,1024,"w=4, k=3",0.02,1,0.74947
flip_proto,2,256,offline w=16,0.05,0,0.60808
flip_proto,2,256,offline w=16,0.1,0,0.47913
flip_proto,2,512,offline w=16,0.1,0,0.56193
flip_proto,2,1024,offline w=16,0.1,0,0.61113
flip_proto,2,2048,offline w=16,0.1,0,0.60027
flip_counter,2,1024,w=8,0.0,0,0.75473
flip_counter,2,1024,w=8,0.0,1,0.8403
flip_counter,2,1024,"w=4, k=3",0.0,0,0.66016
flip_counter,2,1024,"w=4, k=3",0.0,1,0.73939
flip_proto,2,256,offline w=16,0.01,0,0.60909
flip_proto,2,512,offline w=16,0.2,0,0.37598
flip_proto,2,1024,offline w=16,0.2,0,0.54326
flip_proto,2,256,offline w=16,0.3,0,0.3529
flip_proto,2,512,offline w=16,0.3,0,0.32508
flip_proto,2,1024,offline w=16,0.3,0,0.53037
flip_proto,2,2048,offline w=16,0.3,0,0.56871
flip_proto,2,2048,offline w=16,0.05,0,0.74856
flip_counter,2,1024,w=8,0.05,0,0.69656
flip_counter,2,1024,w=8,0.05,1,0.76103
flip_counter,2,1024,"w=4, k=3",0.05,0,0.59968
flip_counter,2,1024,"w=4, k=3",0.05,1,0.76524
flip_counter,2,1024,w=8,0.1,0,0.52561
flip_counter,2,1024,w=8,0.1,1,0.72541
flip_counter,2,1024,"w=4, k=3",0.1,0,0.63182
flip_counter,2,1024,"w=4, k=3",0.1,1,0.71286
flip_proto,2,256,offline w=16,0.2,0,0.4435
flip_counter,2,1024,w=8,0.3,0,0.38018
flip_counter,2,1024,w=8,0.3,1,0.57438
flip_counter,2,1024,"w=4, k=3",0.3,0,0.37952
flip_counter,2,1024,"w=4, k=3",0.3,1,0.56068
flip_proto,2,2048,offline w=16,0.2,0,0.50119
flip_counter,2,1024,w=8,0.2,0,0.54732
flip_counter,2,1024,w=8,0.2,1,0.67127
flip_counter,2,1024,"w=4, k=3",0.2,0,0.42843
flip_counter,2,1024,"w=4, k=3",0.2,1,0.64547
flip_proto,3,256,offline w=16,0.0,0,0.6963
flip_proto,3,512,offline w=16,0.0,0,0.77435
flip_proto,3,1024,offline w=16,0.0,0,0.79946
flip_proto,3,256,offline w=16,0.01,0,0.68884
flip_proto,3,512,offline w=16,0.01,0,0.72752
flip_proto,3,512,offline w=16,0.02,0,0.71123
flip_proto,3,1024,offline w=16,0.02,0,0.73498
flip_proto,3,1024,offline w=16,0.01,0,0.73431
flip_proto,3,2048,offline w=16,0.01,0,0.77469
flip_proto,3,256,offline w=16,0.05,0,0.58432
flip_proto,3,512,offline w=16,0.05,0,0.5436
flip_proto,3,1024,offline w=16,0.05,0,0.6488
flip_proto,3,2048,offline w=16,0.05,0,0.63013
flip_proto,3,2048,offline w=16,0.0,0,0.83237
flip_counter,3,1024,w=8,0.0,0,0.76733
flip_counter,3,1024,w=8,0.0,1,0.79761
flip_counter,3,1024,"w=4, k=3",0.0,0,0.72505
flip_counter,3,1024,"w=4, k=3",0.0,1,0.70286
flip_proto,3,512,offline w=16,0.1,0,0.53139
flip_proto,3,1024,offline w=16,0.1,0,0.54937
flip_proto,3,2048,offline w=16,0.02,0,0.81778
flip_counter,3,1024,w=8,0.02,0,0.63438
flip_counter,3,1024,w=8,0.02,1,0.77066
flip_counter,3,1024,"w=4, k=3",0.02,0,0.71385
flip_counter,3,1024,"w=4, k=3",0.02,1,0.73548
flip_proto,3,256,offline w=16,0.2,0,0.3115
flip_proto,3,512,offline w=16,0.2,0,0.49338
flip_proto,3,1024,offline w=16,0.2,0,0.5229
flip_proto,3,2048,offline w=16,0.2,0,0.57313
flip_counter,3,1024,w=8,0.01,0,0.69706
flip_counter,3,1024,w=8,0.01,1,0.77654
flip_counter,3,1024,"w=4, k=3",0.01,0,0.70807
flip_counter,3,1024,"w=4, k=3",0.01,1,0.73406
flip_proto,3,256,offline w=16,0.02,0,0.67798
flip_proto,3,512,offline w=16,0.3,0,0.42586
flip_proto,3,1024,offline w=16,0.3,0,0.40414
flip_counter,3,1024,w=8,0.05,0,0.67685
flip_counter,3,1024,w=8,0.05,1,0.7381
flip_counter,3,1024,"w=4, k=3",0.05,0,0.59183
flip_counter,3,1024,"w=4, k=3",0.05,1,0.7092
flip_proto,3,256,offline w=16,0.1,0,0.45809
flip_proto,3,2048,offline w=16,0.1,0,0.64337
flip_counter,3,1024,w=8,0.1,0,0.57267
flip_counter,3,1024,w=8,0.1,1,0.74192
flip_counter,3,1024,"w=4, k=3",0.1,0,0.34331
flip_counter,3,1024,"w=4, k=3",0.1,1,0.59541
flip_counter,3,1024,w=8,0.2,0,0.37741
flip_counter,3,1024,w=8,0.2,1,0.59653
flip_counter,3,1024,"w=4, k=3",0.2,0,0.4594
flip_counter,3,1024,"w=4, k=3",0.2,1,0.61875
flip_proto,3,256,offline w=16,0.3,0,0.43298
flip_proto,3,2048,offline w=16,0.3,0,0.50594
flip_counter,3,1024,w=8,0.3,0,0.31955
flip_counter,3,1024,w=8,0.3,1,0.60674
flip_counter,3,1024,"w=4, k=3",0.3,0,0.24025
flip_counter,3,1024,"w=4, k=3",0.3,1,0.51486
flip_proto,4,256,offline w=16,0.0,0,0.68103
flip_proto,4,512,offline w=16,0.0,0,0.7696
flip_proto,4,512,offline w=16,0.01,0,0.78419
flip_proto,4,1024,offline w=16,0.01,0,0.71429
flip_proto,4,1024,offline w=16,0.0,0,0.78588
flip_proto,4,2048,offline w=16,0.0,0,0.82898
flip_proto,4,256,offline w=16,0.02,0,0.66644
flip_proto,4,512,offline w=16,0.02,0,0.69902
flip_proto,4,1024,offline w=16,0.02,0,0.71564
flip_proto,4,2048,offline w=16,0.02,0,0.79369
flip_proto,4,512,offline w=16,0.05,0,0.57143
flip_proto,4,1024,offline w=16,0.05,0,0.55582
flip_counter,4,1024,w=8,0.0,0,0.76021
flip_counter,4,1024,w=8,0.0,1,0.82606
flip_counter,4,1024,"w=4, k=3",0.0,0,0.63836
flip_counter,4,1024,"w=4, k=3",0.0,1,0.73522
flip_proto,4,256,offline w=16,0.01,0,0.6756
flip_proto,4,256,offline w=16,0.1,0,0.49135
flip_proto,4,512,offline w=16,0.1,0,0.5229
flip_proto,4,1024,offline w=16,0.1,0,0.56905
flip_proto,4,2048,offline w=16,0.1,0,0.6342
flip_counter,4,1024,w=8,0.02,0,0.75098
flip_counter,4,1024,w=8,0.02,1,0.84835
flip_counter,4,1024,"w=4, k=3",0.02,0,0.67281
flip_counter,4,1024,"w=4, k=3",0.02,1,0.71277
flip_proto,4,256,offline w=16,0.05,0,0.51205
flip_proto,4,512,offline w=16,0.2,0,0.46386
flip_proto,4,1024,offline w=16,0.2,0,0.46047
flip_proto,4,2048,offline w=16,0.01,0,0.70987
flip_counter,4,1024,w=8,0.01,0,0.68102
flip_counter,4,1024,w=8,0.01,1,0.82358
flip_counter,4,1024,"w=4, k=3",0.01,0,0.63636
flip_counter,4,1024,"w=4, k=3",0.01,1,0.73945
flip_proto,4,256,offline w=16,0.3,0,0.48252
flip_proto,4,512,offline w=16,0.3,0,0.40109
flip_proto,4,1024,offline w=16,0.3,0,0.5229
flip_proto,4,2048,offline w=16,0.3,0,0.52223
flip_proto,4,2048,offline w=16,0.05,0,0.55786
flip_counter,4,1024,w=8,0.05,0,0.63476
flip_counter,4,1024,w=8,0.05,1,0.80947
flip_counter,4,1024,"w=4, k=3",0.05,0,0.63319
flip_counter,4,1024,"w=4, k=3",0.05,1,0.72058
flip_counter,4,1024,w=8,0.1,0,0.56736
flip_counter,4,1024,w=8,0.1,1,0.68319
flip_counter,4,1024,"w=4, k=3",0.1,0,0.67144
flip_counter,4,1024,"w=4, k=3",0.1,1,0.70577
flip_proto,4,256,offline w=16,0.2,0,0.35867
flip_proto,4,2048,offline w=16,0.2,0,0.48965
flip_counter,4,1024,w=8,0.2,0,0.45568
flip_counter,4,1024,w=8,0.2,1,0.61869
flip_counter,4,1024,"w=4, k=3",0.2,0,0.48
flip_counter,4,1024,"w=4, k=3",0.2,1,0.63338
flip_counter,4,1024,w=8,0.3,0,0.42158
flip_counter,4,1024,w=8,0.3,1,0.65317
flip_counter,4,1024,"w=4, k=3",0.3,0,0.40012
flip_counter,4,1024,"w=4, k=3",0.3,1,0.59124
