D,P,F,Q,C,variant,knob,learn,w,k,seed,clock_ns,mode,flow_ok,runtime_s,core_area_um2,die_area_um2,cell_area_um2,cell_count,fill_area_um2,utilization,seq_area_um2,seq_count,comb_area_um2,buf_area_um2,clk_buf_area_um2,setup_ws_tt_ns,setup_ws_ss_ns,setup_ws_ns,setup_tns_ns,hold_ws_ns,power_total_w,power_internal_w,power_switching_w,power_leakage_w,wirelength_um,route_drc,magic_drc,klayout_drc,lvs_errors,antenna_nets,fmax_tt_mhz,fmax_ss_mhz,power_mode,signoff_clean,gds
512,32,64,16,6,exact,0,2,4,3,0,20.0,full,1,7012,1214140,1251670,826156,80463,387983,0.680446,290160,13641,257760,221993,31166.1,6.91416721224878,-2.0285924625402414,-2.4774121233471136,-596.6931722059211,0.05379541409044032,0.4293276071548462,0.22030381858348846,0.2090223729610443,1.4315395446828916e-06,1476617,0,0,0,0,0,76.42,45.4,vectorless,1,flow/hdc_D512_P32_F64_Q16_exact0_L2_w4_k3_clk20/runs/run/final/gds/hdc_chip.gds
256,32,64,16,6,sampled,4,0,8,0,0,20.0,fast,1,1558,234963,251709,151799,15195,83163.5,0.646057,48693,2289,56890.8,36040.8,4785.84,9.361198303712397,-0.9898375732566805,-0.9898375732566805,-11.300942723703562,0.1064471874108699,0.016594013199210167,0.010785768739879131,0.005807974375784397,2.6935467190014606e-07,258932,0,,0,0,0,94.0,47.64,vectorless,1,flow/hdc_D256_P32_F64_Q16_sampled4_L0_clk20/runs/run/final/gds/hdc_chip.gds
256,32,64,16,6,exact,0,0,8,0,0,20.0,fast,1,1571,234517,250757,150992,15142,83525.1,0.643843,48687.9,2289,56492.9,35994.5,4645.71,8.613018098079102,-1.770830643355387,-1.770830643355387,-51.31576731012604,0.10569057039818927,0.018805474042892456,0.011748886667191982,0.007056319620460272,2.68062365194055e-07,269005,0,,0,0,0,87.82,45.93,vectorless,1,flow/hdc_D256_P32_F64_Q16_exact0_L0_clk20/runs/run/final/gds/hdc_chip.gds
256,64,64,16,6,exact,0,0,8,0,0,20.0,fast,1,2016,317273,336737,197334,20249,119939,0.62197,57515.2,2704,85012.8,41735,5589.11,7.035736636883453,-1.4861658990769495,-1.4861658990769495,-125.03985045739525,0.10572709673673247,0.03597955033183098,0.020328279584646225,0.0156509131193161,3.5594251812653965e-07,407943,0,,0,0,0,77.14,46.54,vectorless,1,flow/hdc_D256_P64_F64_Q16_exact0_L0_clk20/runs/run/final/gds/hdc_chip.gds
256,32,64,16,6,trunc,1,0,8,0,0,20.0,fast,1,1206,229900,246672,149166,14964,80734.9,0.648827,48695.5,2289,54772.5,35955.7,4676.99,8.94904531364301,-1.2106316292112564,-1.2106316292112564,-10.96689170517938,0.10315426582670151,0.01835860311985016,0.01161929965019226,0.0067390380427241325,2.636459726090834e-07,248195,0,,0,0,0,90.49,47.15,vectorless,1,flow/hdc_D256_P32_F64_Q16_trunc1_L0_clk20/runs/run/final/gds/hdc_chip.gds
512,32,64,16,6,exact,0,0,8,0,0,20.0,fast,1,1555,351862,372273,233498,22818,118365,0.663605,81518.2,3832,77011.4,60534.3,7189.4,7.2708134904091715,-1.611308465595131,-1.611308465595131,-49.70783392262123,0.10117695856392203,0.02360626310110092,0.015832146629691124,0.007773703895509243,4.134641642394854e-07,356721,0,,0,0,0,78.56,46.27,vectorless,1,flow/hdc_D512_P32_F64_Q16_exact0_L0_clk20/runs/run/final/gds/hdc_chip.gds
512,64,64,16,6,exact,0,0,8,0,0,20.0,fast,1,2234,433596,455880,281449,28248,152147,0.649104,90345.4,4247,105075,68258,8285.45,8.067482910058942,-2.0340369964069853,-2.0340369964069853,-123.04355216310864,0.10647438787574251,0.022582821547985077,0.016215771436691284,0.0063665444031357765,5.071886448604346e-07,549759,0,,0,0,0,83.8,45.38,vectorless,1,flow/hdc_D512_P64_F64_Q16_exact0_L0_clk20/runs/run/final/gds/hdc_chip.gds
512,32,64,16,6,satcomp,2,0,8,0,0,20.0,fast,1,1756,345932,366299,230228,22450,115703,0.665531,81518.2,3832,74126.1,60140.2,7058.02,7.842954951922346,-1.4701626998581911,-1.4701626998581911,-53.598805133538185,0.10288226117797553,0.025827132165431976,0.016758084297180176,0.009068641811609268,4.068124894729408e-07,362922,0,,0,0,0,82.26,46.58,vectorless,1,flow/hdc_D512_P32_F64_Q16_satcomp2_L0_clk20/runs/run/final/gds/hdc_chip.gds
512,64,64,16,6,trunc,1,0,8,0,0,20.0,fast,1,2137,423735,446696,277113,27710,146622,0.653978,90335.4,4247,100785,68429.4,8280.44,8.703971123542402,-1.7993571586461008,-1.7993571586461008,-113.01618805135759,0.10826551073202668,0.022678734734654427,0.01625840924680233,0.006419830024242401,4.954740120410861e-07,535650,0,,0,0,0,88.53,45.87,vectorless,1,flow/hdc_D512_P64_F64_Q16_trunc1_L0_clk20/runs/run/final/gds/hdc_chip.gds
