chip,configuration,power_up_state,random_samples,random_mismatches,real_samples,real_mismatches,result
A,"D=512, P=32, bundle-all w=2, satcomp(2)",0,24/24,0,12/12,0,MATCH
A,"D=512, P=32, bundle-all w=2, satcomp(2)",1,24/24,0,12/12,0,MATCH
B,"D=1024, P=32, learning off, satcomp(2)",0,24/24,0,12/12,0,MATCH
B,"D=1024, P=32, learning off, satcomp(2)",1,24/24,0,12/12,0,MATCH
test netlist,"D=256, P=32, error-driven w=4 k=3, exact",0,24/24,0,12/12,0,MATCH
test netlist,"D=256, P=32, error-driven w=4 k=3, exact",1,24/24,0,12/12,0,MATCH
A-cg,"D=512, P=32, bundle-all w=2, satcomp(2), clock-gated",0,24/24,0,12/12,0,MATCH
A-cg,"D=512, P=32, bundle-all w=2, satcomp(2), clock-gated",1,24/24,0,12/12,0,MATCH
B-cg,"D=1024, P=32, learning off, satcomp(2), clock-gated",0,24/24,0,12/12,0,MATCH
B-cg,"D=1024, P=32, learning off, satcomp(2), clock-gated",1,24/24,0,12/12,0,MATCH
C-cg,"D=256, P=32, bundle-all w=2, satcomp(2), clock-gated",0,24/24,0,12/12,0,MATCH
C-cg,"D=256, P=32, bundle-all w=2, satcomp(2), clock-gated",1,24/24,0,12/12,0,MATCH
