config,sim,tests,failed,seconds,N_RAND,N_REAL,N_STREAM
hdc_D512_P64_F64_Q16_exact0_L0,icarus,5,0,114.3,200,50,150
hdc_D512_P64_F64_Q16_trunc1_L0,icarus,5,0,70.5,200,50,150
hdc_D512_P64_F64_Q16_trunc2_L0,icarus,5,0,69.8,200,50,150
hdc_D512_P64_F64_Q16_trunc3_L0,icarus,5,0,66.0,200,50,150
hdc_D512_P64_F64_Q16_satcomp3_L0,icarus,5,0,64.5,200,50,150
hdc_D512_P64_F64_Q16_satcomp2_L0,icarus,5,0,67.5,200,50,150
hdc_D512_P64_F64_Q16_satcomp1_L0,icarus,5,0,67.9,200,50,150
hdc_D512_P64_F64_Q16_sampled6_L0,icarus,5,0,51.1,200,50,150
hdc_D512_P64_F64_Q16_sampled4_L0,icarus,5,0,37.7,200,50,150
hdc_D512_P64_F64_Q16_sampled2_L0,icarus,5,0,25.3,200,50,150
hdc_D512_P64_F64_Q16_exact0_L1_w4_k0,icarus,5,0,191.0,200,50,150
hdc_D512_P64_F64_Q16_exact0_L2_w8_k0,icarus,5,0,222.2,200,50,150
hdc_D512_P64_F64_Q16_exact0_L2_w4_k3,icarus,5,0,183.5,200,50,150
hdc_D512_P64_F64_Q16_exact0_L2_w2_k4,icarus,5,0,165.6,200,50,150
hdc_D512_P64_F64_Q16_exact0_L2_w3_k1,icarus,5,0,184.3,200,50,150
hdc_D512_P64_F64_Q16_trunc1_L2_w8_k0,icarus,5,0,218.0,200,50,150
hdc_D512_P64_F64_Q16_satcomp2_L2_w4_k2,icarus,5,0,186.5,200,50,150
hdc_D512_P64_F64_Q16_sampled4_L2_w8_k0,icarus,5,0,177.8,200,50,150
hdc_D512_P32_F64_Q16_exact0_L2_w4_k3,icarus,5,0,121.3,200,50,150
hdc_D512_P128_F64_Q16_exact0_L2_w8_k0,icarus,5,0,537.9,200,50,150
hdc_D256_P256_F64_Q16_exact0_L2_w4_k3,icarus,5,0,664.6,200,50,150
hdc_D256_P256_F64_Q16_exact0_L0,icarus,5,0,47.8,200,50,150
hdc_D512_P64_F33_Q8_exact0_L2_w6_k2,icarus,5,0,165.6,200,50,150
hdc_D1024_P64_F64_Q16_exact0_L2_w8_k0,icarus,5,0,450.3,200,50,150
hdc_D512_P32_F64_Q16_satcomp2_L1_w2_k0_cg,icarus,5,0,114.2,200,50,150
hdc_D512_P32_F64_Q16_satcomp2_L0_cg,icarus,5,0,43.2,200,50,150
hdc_D512_P64_F64_Q16_exact0_L2_w4_k3_cg,icarus,5,0,206.8,200,50,150
hdc_D256_P256_F64_Q16_exact0_L2_w4_k3_cg,icarus,5,0,730.3,200,50,150
